-40.000,-35.000,-30.000,-25.000,-20.000,-15.000,-10.000,-5.000,0.000,5.000,10.000,15.000,20.000
0.0,-10.000
0.0,0.0,0.0,0.0,0.0,0.0,0.0,0.0,0.0,0.0,0.0,0.0,0.0
0.0,0.0,0.0,0.0,0.0,0.0,0.0,0.0,0.0,0.0,0.0,0.0,0.0
0.0,0.0,0.0,0.0,0.0,0.0,0.0,0.0,0.0,0.0,0.0,0.0,0.0
0.0,-5.000
0.0,0.0,0.0,0.0,0.0,0.0,0.0,0.0,0.0,0.0,0.0,0.0,0.0
0.0,0.0,0.0,0.0,0.0,0.0,0.0,0.0,0.0,0.0,0.0,0.0,0.0
0.0,0.0,0.0,0.0,0.0,0.0,0.0,0.0,0.0,0.0,0.0,0.0,0.0
0.0,0.0
0.0,0.0,0.0,0.0,0.0,0.0,0.0,0.0,0.0,0.0,0.0,0.0,0.0
0.0,0.0,0.0,0.0,0.0,0.0,0.0,0.0,0.0,0.0,0.0,0.0,0.0
0.0,0.0,0.0,0.0,0.0,0.0,0.0,0.0,0.0,0.0,0.0,0.0,0.0
0.0,5.000
0.0,0.0,0.0,0.0,0.0,0.0,0.0,0.0,0.0,0.0,0.0,0.0,0.0
0.0,0.0,0.0,0.0,0.0,0.0,0.0,0.0,0.0,0.0,0.0,0.0,0.0
0.0,0.0,0.0,0.0,0.0,0.0,0.0,0.0,0.0,0.0,0.0,0.0,0.0
0.0,10.000
0.0,0.0,0.0,0.0,0.0,0.0,0.0,0.0,0.0,0.0,0.0,0.0,0.0
0.0,0.0,0.0,0.0,0.0,0.0,0.0,0.0,0.0,0.0,0.0,0.0,0.0
0.0,0.0,0.0,0.0,0.0,0.0,0.0,0.0,0.0,0.0,0.0,0.0,0.0
0.0,15.000
0.0,0.0,0.0,0.0,0.0,0.0,0.0,0.0,0.0,0.0,0.0,0.0,0.0
0.0,0.0,0.0,0.0,0.0,0.0,0.0,0.0,0.0,0.0,0.0,0.0,0.0
0.0,0.0,0.0,0.0,0.0,0.0,0.0,0.0,0.0,0.0,0.0,0.0,0.0
0.0,20.000
0.0,0.0,0.0,0.0,0.0,0.0,0.0,0.0,0.0,0.0,0.0,0.0,0.0
0.0,0.0,0.0,0.0,0.0,0.0,0.0,0.0,0.0,0.0,0.0,0.0,0.0
0.0,0.0,0.0,0.0,0.0,0.0,0.0,0.0,0.0,0.0,0.0,0.0,0.0
0.0,25.000
0.0,0.0,0.0,0.0,0.0,0.0,0.0,0.0,0.0,0.0,0.0,0.0,0.0
0.0,0.0,0.0,0.0,0.0,0.0,0.0,0.0,0.0,0.0,0.0,0.0,0.0
0.0,0.0,0.0,0.0,0.0,0.0,0.0,0.0,0.0,0.0,0.0,0.0,0.0
0.250,-10.000
-0.41900,-0.39700,-0.37800,-0.36300,-0.34900,-0.29500,-0.20700,-0.10000,0.0,0.09600,0.19400,0.28400,0.38700
0.15260,0.13560,0.11870,0.09880,0.07890,0.05670,0.03450,0.01730,0.0,-0.00950,-0.01910,-0.02000,-0.01650
0.18130,0.18280,0.17970,0.17570,0.16910,0.13970,0.09420,0.04810,0.0,-0.04300,-0.08750,-0.12950,-0.17300
0.250,-5.000
-0.41300,-0.39500,-0.37400,-0.35400,-0.33100,-0.29500,-0.20800,-0.09800,0.0,0.09300,0.18900,0.28000,0.38200
0.11340,0.09800,0.08300,0.06700,0.04900,0.03400,0.01900,0.00800,0.0,-0.00400,-0.00200,0.00400,0.01500
0.18430,0.18680,0.18480,0.18030,0.17220,0.14000,0.09500,0.04910,0.0,-0.04410,-0.09220,-0.13870,-0.18430
0.250,0.0
-0.39900,-0.39100,-0.37800,-0.36300,-0.34100,-0.28800,-0.19000,-0.10000,0.0,0.09500,0.18800,0.28800,0.38200
0.07960,0.06700,0.05400,0.04100,0.02800,0.01700,0.00700,0.00200,0.0,0.00400,0.01200,0.02300,0.04200
0.16800,0.16600,0.16400,0.16200,0.15800,0.13500,0.09000,0.04600,0.0,-0.04410,-0.08900,-0.13500,-0.18000
0.250,5.000
-0.38900,-0.38700,-0.38300,-0.37200,-0.35300,-0.29400,-0.19800,-0.09800,0.0,0.08800,0.18400,0.27500,0.36900
0.04990,0.03900,0.02800,0.01700,0.00500,-0.00400,-0.00900,-0.00700,0.0,0.00900,0.02300,0.04200,0.07000
0.16100,0.16200,0.16510,0.16500,0.16100,0.13300,0.09370,0.04500,0.0,-0.04510,-0.08960,-0.13570,-0.17970
0.250,10.000
-0.40900,-0.40100,-0.39200,-0.38300,-0.36900,-0.29300,-0.19700,-0.09800,0.0,0.08800,0.18400,0.27500,0.36900
0.01760,0.00800,-0.00200,-0.01100,-0.01900,-0.02400,-0.02400,-0.01400,0.0,0.01300,0.03600,0.06400,0.10600
0.16400,0.16600,0.16800,0.16900,0.16800,0.13800,0.09600,0.04660,0.0,-0.04510,-0.09220,-0.13870,-0.18430
0.250,15.000
-0.43000,-0.42800,-0.42200,-0.40900,-0.38400,-0.28600,-0.19200,-0.09800,0.0,0.08800,0.18400,0.27500,0.36900
-0.02620,-0.03100,-0.03500,-0.04100,-0.04600,-0.04600,-0.03700,-0.01800,0.0,0.02000,0.05100,0.09000,0.14100
0.17270,0.18380,0.19240,0.19540,0.18030,0.14430,0.09700,0.04760,0.0,-0.04500,-0.09470,-0.14100,-0.19040
0.250,20.000
-0.47500,-0.49000,-0.48800,-0.49000,-0.40000,-0.29700,-0.19700,-0.10000,0.0,0.08500,0.17400,0.26300,0.35200
-0.08370,-0.10440,-0.11700,-0.12200,-0.11630,-0.09840,-0.07240,-0.04230,0.0,0.03970,0.08400,0.13240,0.18530
0.19590,0.21010,0.21920,0.21670,0.18580,0.14380,0.09570,0.04760,0.0,-0.05010,-0.09920,-0.14580,-0.19440
0.250,25.000
-0.51000,-0.51500,-0.50600,-0.43600,-0.36300,-0.28700,-0.19000,-0.10000,0.0,0.07200,0.15000,0.22900,0.31000
-0.13910,-0.15370,-0.15460,-0.14380,-0.12540,-0.10550,-0.08300,-0.04230,0.0,0.04230,0.09110,0.14920,0.20820
0.22280,0.23390,0.23140,0.20810,0.17720,0.13400,0.09000,0.04510,0.0,-0.04150,-0.08660,-0.12860,-0.17420
0.400,-10.000
-0.41900,-0.39700,-0.37800,-0.36300,-0.34900,-0.29500,-0.20700,-0.10000,0.0,0.09600,0.19400,0.28400,0.38700
0.15260,0.13560,0.11870,0.09880,0.07890,0.05670,0.03450,0.01730,0.0,-0.00950,-0.01910,-0.02000,-0.01650
0.18130,0.18280,0.17970,0.17570,0.16910,0.13970,0.09420,0.04810,0.0,-0.04300,-0.08750,-0.12950,-0.17300
0.400,-5.000
-0.41300,-0.39500,-0.37400,-0.35400,-0.33100,-0.29500,-0.20800,-0.09800,0.0,0.09300,0.18900,0.28000,0.38200
0.11340,0.09800,0.08300,0.06700,0.04900,0.03400,0.01900,0.00800,0.0,-0.00400,-0.00200,0.00400,0.01500
0.18430,0.18680,0.18480,0.18030,0.17220,0.14000,0.09500,0.04910,0.0,-0.04410,-0.09220,-0.13870,-0.18430
0.400,0.0
-0.39900,-0.39100,-0.37800,-0.36300,-0.34100,-0.28800,-0.19000,-0.10000,0.0,0.09500,0.18800,0.28800,0.38200
0.07960,0.06700,0.05400,0.04100,0.02800,0.01700,0.00700,0.00200,0.0,0.00400,0.01200,0.02300,0.04200
0.16800,0.16600,0.16400,0.16200,0.15800,0.13500,0.09000,0.04600,0.0,-0.04410,-0.08900,-0.13500,-0.18000
0.400,5.000
-0.38900,-0.38700,-0.38300,-0.37200,-0.35300,-0.29400,-0.19800,-0.09800,0.0,0.08800,0.18400,0.27500,0.36900
0.04990,0.03900,0.02800,0.01700,0.00500,-0.00400,-0.00900,-0.00700,0.0,0.00900,0.02300,0.04200,0.07000
0.16100,0.16200,0.16510,0.16500,0.16100,0.13300,0.09370,0.04500,0.0,-0.04510,-0.08960,-0.13570,-0.17970
0.400,10.000
-0.40900,-0.40100,-0.39200,-0.38300,-0.36900,-0.29300,-0.19700,-0.09800,0.0,0.08800,0.18400,0.27500,0.36900
0.01760,0.00800,-0.00200,-0.01100,-0.01900,-0.02400,-0.02400,-0.01400,0.0,0.01300,0.03600,0.06400,0.10600
0.16400,0.16600,0.16800,0.16900,0.16800,0.13800,0.09600,0.04660,0.0,-0.04510,-0.09220,-0.13870,-0.18430
0.400,15.000
-0.43000,-0.42800,-0.42200,-0.40900,-0.38400,-0.28600,-0.19200,-0.09800,0.0,0.08800,0.18400,0.27500,0.36900
-0.02620,-0.03100,-0.03500,-0.04100,-0.04600,-0.04600,-0.03700,-0.01800,0.0,0.02000,0.05100,0.09000,0.14100
0.17270,0.18380,0.19240,0.19540,0.18030,0.14430,0.09700,0.04760,0.0,-0.04500,-0.09470,-0.14100,-0.19040
0.400,20.000
-0.47500,-0.49000,-0.48800,-0.49000,-0.40000,-0.29700,-0.19700,-0.10000,0.0,0.08500,0.17400,0.26300,0.35200
-0.08370,-0.10440,-0.11700,-0.12200,-0.11630,-0.09840,-0.07240,-0.04230,0.0,0.03970,0.08400,0.13240,0.18530
0.19590,0.21010,0.21920,0.21670,0.18580,0.14380,0.09570,0.04760,0.0,-0.05010,-0.09920,-0.14580,-0.19440
0.400,25.000
-0.51000,-0.51500,-0.50600,-0.43600,-0.36300,-0.28700,-0.19000,-0.10000,0.0,0.07200,0.15000,0.22900,0.31000
-0.13910,-0.15370,-0.15460,-0.14380,-0.12540,-0.10550,-0.08300,-0.04230,0.0,0.04230,0.09110,0.14920,0.20820
0.22280,0.23390,0.23140,0.20810,0.17720,0.13400,0.09000,0.04510,0.0,-0.04150,-0.08660,-0.12860,-0.17420
0.600,-10.000
-0.43500,-0.42200,-0.40300,-0.37500,-0.33100,-0.27700,-0.19500,-0.09600,0.0,0.08300,0.17500,0.26000,0.34900
0.17170,0.14710,0.12260,0.09830,0.07400,0.04800,0.02700,0.01100,0.0,-0.00780,-0.01150,-0.01350,-0.01400
0.16140,0.16700,0.16950,0.16750,0.15890,0.13860,0.09750,0.04870,0.0,-0.04370,-0.09240,-0.13550,-0.15990
0.600,-5.000
-0.37200,-0.36700,-0.35600,-0.34200,-0.31000,-0.26300,-0.19000,-0.09600,0.0,0.09500,0.18200,0.26700,0.34500
0.14020,0.11800,0.09600,0.07900,0.06200,0.04200,0.02400,0.01000,0.0,-0.00400,-0.00200,0.00600,0.01600
0.16610,0.17190,0.17150,0.16550,0.15330,0.13150,0.09650,0.05000,0.0,-0.04800,-0.09550,-0.14300,-0.17900
0.600,0.0
-0.34200,-0.34000,-0.33600,-0.33000,-0.30600,-0.26100,-0.18600,-0.09500,0.0,0.09000,0.18300,0.26500,0.34400
0.09560,0.07800,0.06100,0.04800,0.03800,0.02200,0.01000,0.00250,0.0,0.00400,0.01300,0.02600,0.04300
0.15350,0.15580,0.15500,0.15300,0.14700,0.12900,0.09350,0.04750,0.0,-0.04700,-0.09450,-0.14000,-0.18100
0.600,5.000
-0.35000,-0.35200,-0.34500,-0.33300,-0.31500,-0.27000,-0.19100,-0.09400,0.0,0.09300,0.18700,0.27500,0.35600
0.06100,0.04900,0.03600,0.02450,0.01400,0.00380,-0.00400,-0.00500,0.0,0.01100,0.02800,0.04950,0.07200
0.15100,0.15210,0.15300,0.15300,0.14700,0.12950,0.09400,0.04800,0.0,-0.04800,-0.09700,-0.14700,-0.18600
0.600,10.000
-0.37200,-0.37400,-0.36700,-0.35400,-0.33500,-0.28600,-0.19500,-0.09800,0.0,0.09600,0.20000,0.29600,0.38500
0.03400,0.02100,0.00800,-0.00450,-0.01370,-0.01900,-0.02000,-0.01300,0.0,0.02000,0.04600,0.07600,0.11400
0.15950,0.16000,0.16000,0.15920,0.15400,0.13620,0.09600,0.04900,0.0,-0.04700,-0.10200,-0.15300,-0.20400
0.600,15.000
-0.34500,-0.35400,-0.35700,-0.36000,-0.34400,-0.27200,-0.19000,-0.09000,0.0,0.09400,0.18000,0.26400,0.30900
-0.01300,-0.02570,-0.03750,-0.04850,-0.05400,-0.05050,-0.04150,-0.02200,0.0,0.03100,0.06500,0.09900,0.14050
0.15400,0.15750,0.16150,0.16450,0.16400,0.14000,0.09590,0.04600,0.0,-0.04800,-0.09600,-0.13800,-0.17800
0.600,20.000
-0.37300,-0.37800,-0.37800,-0.36600,-0.33300,-0.25500,-0.16800,-0.08600,0.0,0.08000,0.16700,0.24400,0.29900
-0.08190,-0.08900,-0.09600,-0.09900,-0.09700,-0.08500,-0.06000,-0.03000,0.0,0.03400,0.07100,0.12000,0.16500
0.17610,0.17660,0.17560,0.17210,0.16350,0.13860,0.09240,0.04700,0.0,-0.04470,-0.09190,-0.13760,-0.16830
0.600,25.000
-0.27100,-0.27900,-0.28200,-0.27500,-0.25600,-0.22000,-0.15600,-0.07900,0.0,0.06400,0.11700,0.16100,0.19900
-0.12270,-0.12930,-0.13590,-0.13800,-0.13530,-0.11500,-0.07160,-0.03580,0.0,0.03600,0.07840,0.14200,0.19750
0.13600,0.14770,0.15740,0.16090,0.15130,0.12540,0.08400,0.04200,0.0,-0.04180,-0.08310,-0.11940,-0.14820
0.800,-10.000
-0.42600,-0.41700,-0.40200,-0.37600,-0.32900,-0.25400,-0.16500,-0.08700,0.0,0.07800,0.15300,0.22300,0.28900
0.18600,0.15900,0.13260,0.10640,0.08030,0.05510,0.02950,0.01110,0.0,-0.00490,-0.00560,-0.00100,0.01170
0.16840,0.16650,0.16370,0.16030,0.15590,0.14490,0.11310,0.05380,0.0,-0.04080,-0.08450,-0.11870,-0.14140
0.800,-5.000
-0.43300,-0.40700,-0.37000,-0.33300,-0.28500,-0.24000,-0.18000,-0.10400,0.0,0.09500,0.18000,0.24800,0.31000
0.15800,0.13550,0.11200,0.09000,0.06800,0.04850,0.03000,0.01200,0.0,-0.00500,-0.00400,0.00450,0.01800
0.20700,0.20100,0.19000,0.17150,0.15250,0.13100,0.10000,0.05800,0.0,-0.05600,-0.10320,-0.14650,-0.18030
0.800,0.0
-0.39300,-0.37200,-0.34400,-0.30700,-0.26300,-0.21300,-0.16000,-0.09500,0.0,0.09400,0.18400,0.27400,0.32200
0.10850,0.09150,0.07300,0.05850,0.04300,0.02800,0.01500,0.00350,0.0,0.00300,0.01300,0.02850,0.05000
0.18750,0.17950,0.16950,0.15560,0.13600,0.11420,0.08700,0.05300,0.0,-0.05250,-0.10400,-0.15000,-0.19100
0.800,5.000
-0.38400,-0.36300,-0.33700,-0.30400,-0.26700,-0.22900,-0.17500,-0.10100,0.0,0.09900,0.20000,0.27900,0.34700
0.07700,0.06050,0.04300,0.03000,0.02000,0.00900,0.0,-0.00500,0.0,0.01200,0.03000,0.05400,0.08300
0.17180,0.16430,0.15600,0.14600,0.13200,0.11230,0.08800,0.05580,0.0,-0.05600,-0.11300,-0.15980,-0.20200
0.800,10.000
-0.37400,-0.34700,-0.31500,-0.27800,-0.23900,-0.20300,-0.16500,-0.09600,0.0,0.08800,0.18500,0.25800,0.30600
0.02000,0.01130,0.00400,-0.00050,-0.00600,-0.01150,-0.01600,-0.01450,0.0,0.01900,0.04700,0.07600,0.10800
0.17800,0.16400,0.15000,0.13500,0.12000,0.10640,0.08950,0.05300,0.0,-0.04800,-0.10250,-0.15000,-0.18610
0.800,15.000
-0.28700,-0.26600,-0.24500,-0.22500,-0.20500,-0.18800,-0.16200,-0.08500,0.0,0.09000,0.17500,0.23300,0.27000
-0.00800,-0.01620,-0.02100,-0.02550,-0.02800,-0.03300,-0.03350,-0.02200,0.0,0.03200,0.06700,0.10300,0.13700
0.14750,0.14080,0.13400,0.12600,0.11800,0.10880,0.09420,0.05000,0.0,-0.05400,-0.10800,-0.14950,-0.18150
0.800,20.000
-0.19300,-0.19000,-0.18700,-0.18400,-0.17900,-0.17100,-0.14700,-0.07500,0.0,0.07900,0.15200,0.21100,0.25200
-0.02700,-0.03240,-0.03730,-0.04220,-0.04760,-0.04950,-0.04780,-0.03050,0.0,0.03300,0.07360,0.12080,0.16240
0.10360,0.10980,0.11500,0.11850,0.11940,0.10970,0.08700,0.04480,0.0,-0.04900,-0.09200,-0.12760,-0.15080
0.800,25.000
-0.13500,-0.14600,-0.15500,-0.16100,-0.16200,-0.15600,-0.13400,-0.07500,0.0,0.06000,0.10100,0.12900,0.14500
-0.03410,-0.03850,-0.04290,-0.04730,-0.05170,-0.05660,-0.05690,-0.03910,0.0,0.03710,0.07810,0.13100,0.18260
0.08590,0.09720,0.10760,0.11550,0.11790,0.10520,0.07950,0.03970,0.0,-0.03990,-0.07900,-0.10900,-0.12950
0.900,-10.000
-0.41000,-0.40400,-0.39200,-0.36800,-0.32800,-0.25500,-0.17200,-0.08100,0.0,0.06400,0.13800,0.20100,0.24100
0.18970,0.16400,0.13840,0.11290,0.08600,0.05490,0.03040,0.01180,0.0,-0.00480,-0.00490,0.00190,0.01470
0.17100,0.16690,0.16350,0.15780,0.15180,0.13920,0.11510,0.05760,0.0,-0.04290,-0.08120,-0.11550,-0.14930
0.900,-5.000
-0.38200,-0.37400,-0.35400,-0.32200,-0.28000,-0.22800,-0.16500,-0.09100,0.0,0.08000,0.14100,0.20100,0.26000
0.16830,0.14650,0.12500,0.10150,0.07980,0.05450,0.03350,0.01400,0.0,-0.00370,0.0,0.01000,0.02700
0.21000,0.20770,0.20100,0.18770,0.16800,0.14150,0.10600,0.05800,0.0,-0.05400,-0.09000,-0.12900,-0.16400
0.900,0.0
-0.38200,-0.37300,-0.35300,-0.32000,-0.27600,-0.22800,-0.16200,-0.08000,0.0,0.07000,0.14500,0.21700,0.28500
0.12500,0.10600,0.08700,0.06950,0.05200,0.03500,0.01900,0.00700,0.0,0.00100,0.00970,0.02800,0.05300
0.19380,0.19280,0.18700,0.17580,0.15700,0.13230,0.09600,0.05150,0.0,-0.04800,-0.09150,-0.13950,-0.18600
0.900,5.000
-0.40000,-0.37000,-0.33400,-0.29000,-0.24000,-0.18600,-0.12500,-0.05300,0.0,0.07700,0.18200,0.26800,0.33500
0.07900,0.05950,0.04300,0.03100,0.02000,0.01200,0.00500,0.00050,0.0,0.00810,0.02700,0.05050,0.08300
0.18600,0.18000,0.17000,0.15250,0.13200,0.10300,0.07000,0.03200,0.0,-0.05100,-0.11100,-0.16400,-0.21200
0.900,10.000
-0.29000,-0.25900,-0.22500,-0.19300,-0.16000,-0.12900,-0.09500,-0.05700,0.0,0.08000,0.18700,0.26300,0.32000
0.02620,0.02150,0.01600,0.01200,0.00780,0.00300,-0.00250,-0.00350,0.0,0.01600,0.04600,0.07800,0.11200
0.14150,0.13250,0.12350,0.11200,0.10000,0.08420,0.06300,0.03800,0.0,-0.05000,-0.11300,-0.16350,-0.20200
0.900,15.000
-0.18800,-0.17700,-0.16600,-0.15600,-0.14600,-0.13200,-0.11100,-0.06600,0.0,0.08600,0.17300,0.23300,0.26400
0.00800,0.00400,0.0,-0.00500,-0.00800,-0.01250,-0.01700,-0.01400,0.0,0.03100,0.06800,0.10200,0.13600
0.11200,0.11000,0.10800,0.10420,0.09820,0.08900,0.07500,0.04400,0.0,-0.05800,-0.11400,-0.15400,-0.18200
0.900,20.000
-0.13700,-0.15700,-0.17100,-0.18200,-0.18600,-0.17900,-0.14700,-0.07500,0.0,0.06400,0.14000,0.20200,0.24100
-0.01740,-0.02460,-0.03130,-0.03700,-0.04110,-0.04280,-0.03930,-0.02470,0.0,0.03240,0.07000,0.11700,0.16500
0.08990,0.09360,0.09680,0.09950,0.10070,0.09880,0.08430,0.04640,0.0,-0.04500,-0.09030,-0.12410,-0.14420
0.900,25.000
-0.11400,-0.12800,-0.14000,-0.14800,-0.15000,-0.14500,-0.12100,-0.06100,0.0,0.05700,0.09100,0.11100,0.11700
-0.03000,-0.03420,-0.03890,-0.04360,-0.04770,-0.05040,-0.04750,-0.02780,0.0,0.03640,0.07730,0.13390,0.18570
0.07730,0.08650,0.09530,0.10150,0.10370,0.09680,0.07670,0.04100,0.0,-0.03990,-0.08020,-0.10940,-0.12900
0.950,-10.000
-0.41100,-0.39700,-0.38000,-0.35400,-0.31300,-0.24200,-0.16500,-0.08500,0.0,0.07000,0.14300,0.19200,0.23100
0.19060,0.16810,0.14350,0.11680,0.08860,0.05770,0.03100,0.01180,0.0,-0.00400,-0.00400,0.00100,0.01120
0.17350,0.16870,0.16340,0.15810,0.15170,0.14340,0.11500,0.06000,0.0,-0.03740,-0.07890,-0.11780,-0.14870
0.950,-5.000
-0.37700,-0.37100,-0.35500,-0.32600,-0.28800,-0.24200,-0.18200,-0.09100,0.0,0.05200,0.09800,0.15900,0.23000
0.16400,0.14350,0.12350,0.10200,0.08000,0.05700,0.03350,0.01150,0.0,0.0,0.00300,0.01250,0.02600
0.21900,0.21400,0.20800,0.19830,0.18250,0.16150,0.12800,0.06900,0.0,-0.04000,-0.07300,-0.11000,-0.16000
0.950,0.0
-0.37300,-0.37500,-0.36700,-0.34500,-0.30900,-0.26000,-0.19300,-0.09500,0.0,0.05000,0.11300,0.18400,0.26500
0.12350,0.10600,0.08800,0.07100,0.05400,0.03500,0.01800,0.00550,0.0,0.00400,0.01200,0.02950,0.05500
0.21000,0.20900,0.20500,0.19950,0.18800,0.16550,0.12850,0.06500,0.0,-0.03800,-0.08200,-0.12700,-0.18000
0.950,5.000
-0.41200,-0.39200,-0.36100,-0.32100,-0.27000,-0.20700,-0.13900,-0.06500,0.0,0.06400,0.14700,0.22500,0.30500
0.06750,0.05550,0.04400,0.03220,0.02200,0.01200,0.00300,0.0,0.0,0.00850,0.02600,0.05000,0.08400
0.20900,0.20500,0.19700,0.18450,0.16400,0.13500,0.09700,0.05000,0.0,-0.04800,-0.10400,-0.16000,-0.20400
0.950,10.000
-0.29100,-0.28000,-0.25800,-0.23100,-0.19500,-0.15500,-0.10900,-0.05700,0.0,0.07300,0.16900,0.24800,0.30900
0.03150,0.02200,0.01450,0.01200,0.00800,0.00170,-0.00450,-0.00750,0.0,0.01600,0.04200,0.07300,0.10800
0.15900,0.15500,0.15000,0.14150,0.12700,0.10550,0.07500,0.04200,0.0,-0.05000,-0.11000,-0.16400,-0.20600
0.950,15.000
-0.20000,-0.19000,-0.17900,-0.16500,-0.14700,-0.12900,-0.10200,-0.05700,0.0,0.07300,0.14500,0.20000,0.24300
0.00560,0.00200,-0.00200,-0.00500,-0.00850,-0.01620,-0.02100,-0.01500,0.0,0.02600,0.05800,0.09100,0.12700
0.13000,0.12500,0.12000,0.11300,0.10400,0.09400,0.07500,0.04000,0.0,-0.05300,-0.10400,-0.14900,-0.17400
0.950,20.000
-0.14000,-0.15800,-0.17400,-0.18500,-0.19000,-0.17700,-0.13100,-0.06700,0.0,0.07100,0.13100,0.17100,0.19900
-0.03840,-0.03810,-0.03780,-0.03750,-0.03660,-0.03630,-0.03550,-0.02210,0.0,0.02990,0.07080,0.10900,0.15800
0.09230,0.09450,0.09670,0.09840,0.10010,0.09820,0.08290,0.05000,0.0,-0.04700,-0.08840,-0.11980,-0.14470
0.950,25.000
-0.11500,-0.13000,-0.14200,-0.15200,-0.15600,-0.14800,-0.11600,-0.05900,0.0,0.05700,0.08800,0.10400,0.11200
-0.06860,-0.06930,-0.06900,-0.06760,-0.06310,-0.05600,-0.04380,-0.02630,0.0,0.03250,0.07600,0.13400,0.19350
0.08070,0.09050,0.09820,0.10290,0.10360,0.09970,0.07740,0.04190,0.0,-0.04040,-0.07940,-0.10830,-0.12760
0.980,-10.000
-0.40828,-0.39188,-0.37280,-0.34511,-0.30422,-0.23728,-0.16315,-0.08557,0.0,0.07360,0.14548,0.18794,0.21780
0.18986,0.16952,0.14603,0.11906,0.08941,0.05779,0.03124,0.01189,0.0,-0.00370,-0.00400,-0.00033,0.00719
0.17369,0.16903,0.16308,0.15729,0.14911,0.14008,0.11155,0.05822,0.0,-0.03789,-0.07853,-0.11904,-0.14834
0.980,-5.000
-0.36815,-0.36309,-0.34889,-0.32512,-0.28937,-0.24452,-0.17531,-0.08242,0.0,0.05224,0.10082,0.15772,0.21252
0.16173,0.14232,0.12276,0.10139,0.07797,0.05464,0.03109,0.01016,0.0,0.00151,0.00469,0.01420,0.02656
0.20695,0.20345,0.19725,0.18807,0.17386,0.15440,0.12366,0.06297,0.0,-0.04001,-0.07649,-0.11483,-0.16150
0.980,0.0
-0.36669,-0.36699,-0.36370,-0.34625,-0.30991,-0.24602,-0.17902,-0.08718,0.0,0.05050,0.11294,0.18128,0.25848
0.12514,0.10748,0.08950,0.07223,0.05509,0.03615,0.01882,0.00536,0.0,0.00511,0.01337,0.03170,0.05948
0.20433,0.20203,0.19713,0.19075,0.17897,0.15744,0.12175,0.06064,0.0,-0.03891,-0.08434,-0.12936,-0.17872
0.980,5.000
-0.39736,-0.38608,-0.36495,-0.32948,-0.27541,-0.20816,-0.13601,-0.06792,0.0,0.06249,0.14282,0.21910,0.30407
0.06887,0.05702,0.04539,0.03362,0.02342,0.01326,0.00418,0.0,0.0,0.00985,0.02730,0.05210,0.08606
0.20888,0.20354,0.19505,0.18355,0.16530,0.13347,0.09951,0.05408,0.0,-0.04701,-0.10270,-0.15744,-0.19884
0.980,10.000
-0.30243,-0.29282,-0.27472,-0.24817,-0.21000,-0.16577,-0.11471,-0.05689,0.0,0.07152,0.16087,0.23961,0.30730
0.03489,0.02511,0.01705,0.01277,0.00803,0.00122,-0.00507,-0.00641,0.0,0.01746,0.04292,0.07558,0.11351
0.16744,0.16549,0.16146,0.15288,0.13662,0.11292,0.08021,0.04347,0.0,-0.05000,-0.10880,-0.15970,-0.19999
0.980,15.000
-0.21322,-0.20260,-0.18996,-0.17379,-0.15336,-0.13068,-0.10016,-0.05404,0.0,0.06955,0.13990,0.19653,0.24617
0.00464,0.00091,-0.00342,-0.00663,-0.01036,-0.01791,-0.02164,-0.01512,0.0,0.02572,0.05694,0.09210,0.13336
0.13949,0.13323,0.12677,0.11848,0.10790,0.09614,0.07436,0.03935,0.0,-0.05119,-0.10164,-0.14508,-0.17323
0.980,20.000
-0.15719,-0.16809,-0.17692,-0.18325,-0.17905,-0.16387,-0.12140,-0.06364,0.0,0.07106,0.12538,0.15927,0.18612
-0.03720,-0.03709,-0.03693,-0.03652,-0.03542,-0.03529,-0.03392,-0.02152,0.0,0.02914,0.07054,0.10944,0.15896
0.09486,0.09649,0.09830,0.09943,0.09961,0.09674,0.08146,0.05058,0.0,-0.04647,-0.08766,-0.11891,-0.14289
0.980,25.000
-0.13353,-0.14263,-0.14880,-0.15408,-0.15486,-0.14208,-0.11114,-0.05825,0.0,0.05700,0.08739,0.10171,0.11022
-0.07655,-0.07407,-0.07120,-0.06711,-0.06129,-0.05399,-0.04169,-0.02541,0.0,0.03153,0.07542,0.13403,0.19816
0.08346,0.09296,0.09991,0.10373,0.10335,0.09656,0.07409,0.04010,0.0,-0.04065,-0.07901,-0.10764,-0.12563
1.050,-10.000
-0.40000,-0.37900,-0.35600,-0.32400,-0.28400,-0.22900,-0.16100,-0.08300,0.0,0.08200,0.14800,0.18000,0.18700
0.18400,0.16930,0.14960,0.12390,0.08970,0.05750,0.03130,0.01220,0.0,-0.00350,-0.00400,-0.00420,-0.00400
0.17250,0.16730,0.16100,0.15270,0.14240,0.12970,0.10080,0.05290,0.0,-0.04140,-0.07820,-0.12110,-0.14750
1.050,-5.000
-0.34200,-0.33900,-0.33000,-0.31300,-0.27900,-0.23000,-0.15000,-0.05600,0.0,0.06000,0.12100,0.16000,0.17500
0.15820,0.14250,0.12200,0.09900,0.07100,0.04550,0.02300,0.00800,0.0,0.00200,0.00800,0.01900,0.03220
0.17450,0.16880,0.16250,0.15470,0.14500,0.12970,0.10750,0.04000,0.0,-0.04400,-0.09300,-0.13600,-0.16800
1.050,0.0
-0.35100,-0.34600,-0.33700,-0.31800,-0.27600,-0.20900,-0.14000,-0.06200,0.0,0.05700,0.12300,0.18500,0.24800
0.13150,0.11250,0.09400,0.07550,0.05700,0.04000,0.02200,0.00630,0.0,0.00600,0.01650,0.03800,0.07300
0.18600,0.17950,0.17100,0.16100,0.14800,0.13100,0.10100,0.04650,0.0,-0.04550,-0.09600,-0.14300,-0.17800
1.050,5.000
-0.35200,-0.34900,-0.33900,-0.31400,-0.25700,-0.19300,-0.12700,-0.06500,0.0,0.06000,0.14000,0.21800,0.31800
0.07800,0.06400,0.04950,0.03770,0.02700,0.01750,0.00900,0.0,0.0,0.01400,0.03200,0.05900,0.09200
0.18650,0.17950,0.17050,0.16000,0.14550,0.12200,0.09200,0.04950,0.0,-0.04550,-0.10200,-0.15050,-0.18500
1.050,10.000
-0.34000,-0.32300,-0.29800,-0.26500,-0.22300,-0.17400,-0.11800,-0.05600,0.0,0.07000,0.14600,0.22300,0.30600
0.04300,0.03400,0.02430,0.01600,0.00800,0.00150,-0.00400,-0.00380,0.0,0.02200,0.04700,0.08600,0.13300
0.17700,0.17600,0.17000,0.15800,0.13970,0.11450,0.08400,0.04300,0.0,-0.05000,-0.10400,-0.14600,-0.18000
1.050,15.000
-0.25000,-0.23700,-0.21900,-0.19800,-0.17400,-0.13800,-0.09800,-0.05000,0.0,0.06400,0.13300,0.20000,0.26800
0.00430,-0.00100,-0.00700,-0.01200,-0.01620,-0.01950,-0.01900,-0.01400,0.0,0.02700,0.05650,0.10000,0.15800
0.15450,0.14800,0.14000,0.13150,0.11750,0.09750,0.07160,0.03900,0.0,-0.04800,-0.09800,-0.13500,-0.17500
1.050,20.000
-0.21000,-0.20000,-0.18500,-0.17000,-0.15100,-0.12800,-0.09900,-0.05700,0.0,0.06300,0.11200,0.14300,0.16600
-0.03410,-0.03420,-0.03430,-0.03400,-0.03360,-0.03320,-0.03080,-0.02040,0.0,0.02780,0.06780,0.11440,0.16560
0.10430,0.10460,0.10430,0.10210,0.09780,0.09000,0.07520,0.04640,0.0,-0.04390,-0.08630,-0.11810,-0.13840
1.050,25.000
-0.19100,-0.18200,-0.17000,-0.15700,-0.14100,-0.12100,-0.09500,-0.05700,0.0,0.05700,0.08700,0.09900,0.10700
-0.07820,-0.07380,-0.06940,-0.06350,-0.05660,-0.04770,-0.03730,-0.02340,0.0,0.03100,0.07420,0.13390,0.20890
0.09280,0.09910,0.10380,0.10560,0.10180,0.08800,0.06420,0.03390,0.0,-0.04090,-0.07820,-0.10610,-0.11990
1.100,-10.000
-0.39800,-0.37700,-0.34800,-0.31000,-0.26400,-0.21200,-0.15000,-0.07900,0.0,0.05300,0.10400,0.14100,0.16500
0.17560,0.16530,0.14770,0.12330,0.08900,0.05800,0.03050,0.01190,0.0,-0.00380,-0.00400,-0.00330,-0.00200
0.17110,0.16330,0.15560,0.14730,0.13850,0.12670,0.10170,0.05080,0.0,-0.03870,-0.07700,-0.11600,-0.14500
1.100,-5.000
-0.35000,-0.34700,-0.32800,-0.29500,-0.25100,-0.19600,-0.13000,-0.05500,0.0,0.05400,0.11200,0.15500,0.20000
0.16700,0.14950,0.12900,0.10600,0.08200,0.05650,0.03450,0.01500,0.0,-0.00300,0.00750,0.02400,0.04200
0.17820,0.16940,0.15960,0.14990,0.14000,0.12520,0.09500,0.04630,0.0,-0.04000,-0.08700,-0.13000,-0.16400
1.100,0.0
-0.35000,-0.33400,-0.31000,-0.27900,-0.23400,-0.18200,-0.12000,-0.05500,0.0,0.05300,0.11100,0.16700,0.22300
0.12100,0.10400,0.08630,0.06900,0.05200,0.03450,0.01900,0.00750,0.0,0.00550,0.01700,0.03750,0.06800
0.18020,0.17290,0.16470,0.15440,0.14050,0.12230,0.08550,0.04200,0.0,-0.04000,-0.08600,-0.12550,-0.16450
1.100,5.000
-0.34000,-0.31500,-0.29100,-0.26500,-0.22300,-0.17500,-0.12300,-0.05700,0.0,0.05700,0.12700,0.18900,0.25000
0.06900,0.05550,0.04250,0.03100,0.02000,0.01180,0.00450,0.0,0.0,0.01300,0.02900,0.05700,0.09300
0.16150,0.15550,0.14700,0.13700,0.12400,0.11250,0.08300,0.03850,0.0,-0.04000,-0.09400,-0.13450,-0.17000
1.100,10.000
-0.29800,-0.28100,-0.26300,-0.23800,-0.20400,-0.16000,-0.10700,-0.05000,0.0,0.06400,0.13700,0.21900,0.30000
0.04700,0.03700,0.02750,0.01900,0.01150,0.00500,0.0,-0.00200,0.0,0.02200,0.04600,0.08000,0.12400
0.15500,0.15100,0.14600,0.13800,0.12500,0.10200,0.07200,0.03600,0.0,-0.04600,-0.10000,-0.14750,-0.18100
1.100,15.000
-0.24200,-0.22300,-0.20000,-0.17700,-0.15100,-0.12400,-0.09200,-0.04800,0.0,0.05500,0.12000,0.17300,0.22000
0.00700,0.00200,-0.00380,-0.00800,-0.01200,-0.01450,-0.01450,-0.01200,0.0,0.02300,0.05300,0.09250,0.14200
0.13400,0.13200,0.12900,0.12200,0.11000,0.09200,0.06900,0.03600,0.0,-0.04200,-0.09200,-0.13350,-0.16200
1.100,20.000
-0.20500,-0.19000,-0.17200,-0.15400,-0.13400,-0.11100,-0.08300,-0.04800,0.0,0.05300,0.10900,0.13600,0.15400
-0.03220,-0.03270,-0.03310,-0.03250,-0.03250,-0.03140,-0.02870,-0.01930,0.0,0.02600,0.06400,0.10680,0.15450
0.11430,0.11260,0.10940,0.10370,0.09440,0.08210,0.06270,0.03700,0.0,-0.04600,-0.08400,-0.11400,-0.13550
1.100,25.000
-0.18800,-0.17300,-0.15800,-0.14200,-0.12400,-0.10400,-0.08000,-0.04800,0.0,0.05200,0.08300,0.09800,0.10200
-0.07430,-0.07110,-0.06690,-0.06060,-0.05320,-0.04540,-0.03600,-0.02290,0.0,0.03120,0.07290,0.12900,0.20340
0.10420,0.10760,0.10650,0.10450,0.09800,0.08350,0.06150,0.03670,0.0,-0.03770,-0.07330,-0.10540,-0.12330
1.200,-10.000
-0.39100,-0.35900,-0.31900,-0.27400,-0.22600,-0.17100,-0.11500,-0.06000,0.0,0.05000,0.10100,0.13900,0.16500
0.15810,0.14480,0.12900,0.10910,0.08520,0.05770,0.03000,0.01000,0.0,-0.00320,-0.00330,0.0,0.00590
0.16880,0.16110,0.15280,0.14200,0.12910,0.11020,0.08460,0.04280,0.0,-0.03770,-0.07750,-0.11100,-0.14140
1.200,-5.000
-0.36200,-0.33000,-0.29600,-0.25900,-0.21400,-0.16100,-0.10700,-0.05400,0.0,0.04600,0.10000,0.13800,0.17500
0.13000,0.11600,0.10200,0.08300,0.06400,0.04200,0.02200,0.00780,0.0,-0.00400,-0.00100,0.00600,0.02600
0.17500,0.16820,0.15940,0.14810,0.12960,0.10610,0.07400,0.03620,0.0,-0.03750,-0.07500,-0.11500,-0.14700
1.200,0.0
-0.33800,-0.30700,-0.27500,-0.23900,-0.19700,-0.14800,-0.10000,-0.04900,0.0,0.04600,0.09500,0.14200,0.18700
0.10150,0.08900,0.07700,0.06000,0.04400,0.02800,0.01500,0.00550,0.0,0.00300,0.01350,0.02800,0.04450
0.17290,0.16360,0.15280,0.13940,0.12000,0.09540,0.06690,0.03370,0.0,-0.03500,-0.07750,-0.11450,-0.15200
1.200,5.000
-0.30400,-0.27600,-0.24600,-0.21600,-0.18100,-0.14100,-0.09500,-0.04800,0.0,0.04800,0.10500,0.16300,0.22500
0.06900,0.05600,0.04400,0.03200,0.02000,0.01100,0.00400,0.00040,0.0,0.0,0.02500,0.05000,0.06950
0.16500,0.15360,0.14120,0.12730,0.11130,0.09040,0.06330,0.03370,0.0,-0.03650,-0.08350,-0.12300,-0.16700
1.200,10.000
-0.26300,-0.24300,-0.21900,-0.19300,-0.16300,-0.12800,-0.09100,-0.04800,0.0,0.05600,0.12000,0.17800,0.22600
0.03850,0.02800,0.01800,0.01000,0.00300,-0.00300,-0.00600,-0.00600,0.0,0.01700,0.03700,0.06300,0.09200
0.14910,0.14030,0.12990,0.11610,0.09870,0.07870,0.05570,0.02860,0.0,-0.04150,-0.09000,-0.13400,-0.16950
1.200,15.000
-0.23200,-0.20900,-0.18500,-0.16000,-0.13400,-0.10600,-0.07400,-0.04200,0.0,0.05000,0.11600,0.17400,0.22400
0.00410,-0.00100,-0.00600,-0.01100,-0.01500,-0.01800,-0.01900,-0.01300,0.0,0.02200,0.05030,0.08450,0.12350
0.13020,0.12300,0.11470,0.10390,0.09200,0.07610,0.05570,0.03110,0.0,-0.04000,-0.08700,-0.12800,-0.16000
1.200,20.000
-0.19400,-0.17700,-0.16100,-0.14200,-0.12300,-0.10000,-0.07300,-0.04200,0.0,0.04400,0.08800,0.12400,0.14200
-0.02880,-0.03000,-0.03100,-0.03100,-0.03100,-0.03000,-0.02500,-0.01800,0.0,0.02500,0.05280,0.10000,0.15000
0.12060,0.11540,0.10910,0.10030,0.09000,0.07400,0.05570,0.03110,0.0,-0.03880,-0.08010,-0.11170,-0.13010
1.200,25.000
-0.17200,-0.16200,-0.15000,-0.13600,-0.12000,-0.10000,-0.07400,-0.04200,0.0,0.04500,0.07800,0.09200,0.09400
-0.06430,-0.06200,-0.05750,-0.05200,-0.04600,-0.04000,-0.03350,-0.02270,0.0,0.03200,0.06730,0.11500,0.16500
0.11340,0.11050,0.10510,0.09820,0.08830,0.07460,0.05570,0.03110,0.0,-0.03880,-0.07600,-0.10290,-0.11690
1.300,-10.000
-0.38100,-0.34400,-0.30300,-0.25700,-0.20900,-0.16000,-0.10500,-0.05500,0.0,0.04400,0.07700,0.10500,0.12800
0.14650,0.12970,0.11390,0.09660,0.07820,0.05570,0.02790,0.00900,0.0,-0.00400,-0.00350,0.00140,0.00890
0.15300,0.14610,0.13770,0.12730,0.11390,0.09490,0.07050,0.03800,0.0,-0.03000,-0.05990,-0.09040,-0.12190
1.300,-5.000
-0.30400,-0.27600,-0.24500,-0.20900,-0.17000,-0.12500,-0.08300,-0.03800,0.0,0.04400,0.08200,0.12600,0.16800
0.14250,0.12150,0.10000,0.08000,0.06000,0.04150,0.02500,0.01000,0.0,-0.00270,0.00200,0.00900,0.01980
0.17500,0.16600,0.15350,0.13650,0.11570,0.08700,0.06100,0.03000,0.0,-0.03210,-0.06350,-0.09650,-0.13100
1.300,0.0
-0.27000,-0.24600,-0.21700,-0.18600,-0.15100,-0.11400,-0.07500,-0.03600,0.0,0.04000,0.07800,0.12300,0.17600
0.09000,0.07650,0.06400,0.05100,0.03750,0.02750,0.01650,0.00450,0.0,0.00100,0.01100,0.02250,0.04100
0.16400,0.15000,0.13400,0.11750,0.09800,0.07750,0.05570,0.02700,0.0,-0.03100,-0.06350,-0.10050,-0.13800
1.300,5.000
-0.25000,-0.23500,-0.21500,-0.18300,-0.14800,-0.11300,-0.07500,-0.03800,0.0,0.04000,0.08500,0.13600,0.19500
0.06620,0.05600,0.04600,0.03550,0.02420,0.01550,0.00650,0.0,0.0,0.00980,0.02200,0.04200,0.06500
0.16000,0.14750,0.13200,0.11450,0.09600,0.07450,0.05350,0.02850,0.0,-0.03200,-0.06700,-0.10770,-0.14850
1.300,10.000
-0.22500,-0.20500,-0.18300,-0.16200,-0.13400,-0.10900,-0.07600,-0.03800,0.0,0.05000,0.09500,0.14300,0.18800
0.04000,0.02900,0.01900,0.01030,0.00250,-0.00100,-0.00400,-0.00600,0.0,0.01780,0.03380,0.05750,0.08330
0.11800,0.11600,0.11180,0.10190,0.08950,0.07200,0.05200,0.02800,0.0,-0.03800,-0.07550,-0.11350,-0.15250
1.300,15.000
-0.20000,-0.18500,-0.16000,-0.14400,-0.12300,-0.09700,-0.06500,-0.03500,0.0,0.04600,0.09000,0.13400,0.17900
0.00900,0.00390,-0.00200,-0.00600,-0.01100,-0.01250,-0.01350,-0.01250,0.0,0.01700,0.03850,0.06850,0.10000
0.10200,0.10390,0.10050,0.09350,0.08250,0.06750,0.04960,0.02750,0.0,-0.03650,-0.07450,-0.11150,-0.14700
1.300,20.000
-0.18000,-0.17100,-0.16100,-0.14700,-0.13000,-0.10800,-0.08000,-0.04100,0.0,0.04500,0.09100,0.10800,0.11800
-0.02650,-0.02820,-0.02950,-0.02970,-0.02940,-0.02750,-0.02400,-0.01670,0.0,0.02240,0.04980,0.07620,0.11000
0.12040,0.11200,0.10310,0.09270,0.08070,0.06880,0.05290,0.03000,0.0,-0.03350,-0.06800,-0.09890,-0.11790
1.300,25.000
-0.16000,-0.15300,-0.14400,-0.13200,-0.11800,-0.09900,-0.07600,-0.04000,0.0,0.04100,0.07100,0.08800,0.08900
-0.05710,-0.05530,-0.05130,-0.04680,-0.04180,-0.03630,-0.03080,-0.02190,0.0,0.03120,0.05980,0.08740,0.11350
0.11480,0.10800,0.10010,0.09120,0.08130,0.06880,0.05340,0.03000,0.0,-0.03300,-0.07050,-0.09990,-0.11990
1.500,-10.000
-0.22412,-0.20612,-0.18422,-0.15880,-0.13254,-0.10206,-0.07174,-0.03630,0.0,0.03035,0.05833,0.09110,0.12382
0.17592,0.14411,0.11488,0.08452,0.05822,0.04044,0.02960,0.01369,0.0,-0.00785,-0.01195,-0.01412,-0.01480
0.15421,0.14469,0.13203,0.11574,0.09231,0.07092,0.04979,0.02291,0.0,-0.02339,-0.04486,-0.06716,-0.08776
1.500,-5.000
-0.20786,-0.19579,-0.17763,-0.15522,-0.12874,-0.09831,-0.06636,-0.03256,0.0,0.03189,0.06577,0.09415,0.11766
0.11679,0.09473,0.07398,0.05687,0.04156,0.02836,0.01654,0.00656,0.0,-0.00387,-0.00060,0.00648,0.01518
0.13212,0.12319,0.11265,0.09920,0.08334,0.06755,0.04765,0.02344,0.0,-0.02446,-0.04927,-0.07289,-0.09437
1.500,0.0
-0.22071,-0.20103,-0.17821,-0.15060,-0.12363,-0.09235,-0.06076,-0.03029,0.0,0.03005,0.06064,0.08980,0.12316
0.08467,0.06803,0.05140,0.03948,0.02660,0.01814,0.01123,0.00470,0.0,0.00249,0.00913,0.02046,0.03274
0.12756,0.11837,0.10759,0.09389,0.07965,0.06290,0.04415,0.02215,0.0,-0.02427,-0.04797,-0.07380,-0.10163
1.500,5.000
-0.20126,-0.18214,-0.16213,-0.13804,-0.11561,-0.08915,-0.05997,-0.03213,0.0,0.03109,0.06420,0.09890,0.13760
0.05023,0.04072,0.03176,0.02340,0.01654,0.00845,0.00218,-0.00170,0.0,0.00823,0.01982,0.03607,0.05399
0.11215,0.10562,0.09863,0.08853,0.07481,0.06054,0.04472,0.02231,0.0,-0.02375,-0.05121,-0.07964,-0.11418
1.500,10.000
-0.18229,-0.16637,-0.15153,-0.13445,-0.10678,-0.08217,-0.05485,-0.02675,0.0,0.03608,0.07350,0.10487,0.13502
0.02420,0.01807,0.01240,0.00752,0.00162,-0.00166,-0.00512,-0.00489,0.0,0.01189,0.02579,0.04591,0.06917
0.11979,0.10797,0.09303,0.08000,0.07118,0.05560,0.03929,0.02133,0.0,-0.02670,-0.05687,-0.08768,-0.12086
1.500,15.000
-0.17347,-0.15911,-0.14892,-0.13266,-0.10852,-0.08614,-0.05839,-0.02730,0.0,0.03976,0.07889,0.11829,0.16007
0.00337,-0.00141,-0.00215,-0.00488,-0.00688,-0.00885,-0.00967,-0.00810,0.0,0.01733,0.03745,0.06127,0.08830
0.11453,0.10348,0.09099,0.07773,0.06815,0.05448,0.03781,0.02165,0.0,-0.02600,-0.06024,-0.10070,-0.13823
1.500,20.000
-0.16724,-0.15398,-0.13781,-0.12228,-0.10055,-0.07858,-0.05275,-0.02638,0.0,0.04369,0.08717,0.13471,0.18199
-0.01815,-0.01807,-0.01758,-0.01707,-0.01463,-0.01319,-0.01028,-0.00650,0.0,0.02214,0.04565,0.07321,0.10700
0.10569,0.09438,0.08438,0.07395,0.06697,0.05381,0.03764,0.02038,0.0,-0.02710,-0.06954,-0.11221,-0.15245
1.500,25.000
-0.15611,-0.14908,-0.13888,-0.12375,-0.09902,-0.07773,-0.05240,-0.02665,0.0,0.04748,0.09579,0.14783,0.19600
-0.03836,-0.03660,-0.03324,-0.02992,-0.02546,-0.02066,-0.01490,-0.00764,0.0,0.02344,0.05016,0.08601,0.12551
0.10472,0.09210,0.08153,0.07148,0.06526,0.05297,0.03727,0.02090,0.0,-0.03059,-0.07489,-0.12125,-0.16406
2.000,-10.000
-0.12500,-0.12000,-0.11000,-0.09700,-0.08700,-0.06900,-0.04700,-0.02400,0.0,0.01900,0.03900,0.05900,0.07800
0.09050,0.07560,0.06070,0.04680,0.03280,0.02230,0.01190,0.00450,0.0,-0.00210,-0.00200,-0.00040,0.00020
0.10100,0.09210,0.08320,0.07240,0.06170,0.04810,0.03440,0.01720,0.0,-0.01680,-0.03070,-0.04530,-0.05540
2.000,-5.000
-0.12000,-0.11500,-0.10600,-0.09700,-0.08500,-0.06800,-0.04700,-0.02400,0.0,0.02100,0.04200,0.06100,0.07800
0.07180,0.05900,0.04600,0.03400,0.02300,0.01600,0.00800,0.00300,0.0,-0.00050,0.00110,0.00620,0.01200
0.09010,0.08400,0.07700,0.06800,0.05800,0.04700,0.03200,0.01600,0.0,-0.01700,-0.03220,-0.04680,-0.05790
2.000,0.0
-0.11500,-0.11000,-0.10300,-0.09300,-0.08100,-0.06000,-0.04000,-0.02000,0.0,0.01900,0.03900,0.05900,0.07800
0.05310,0.04300,0.03300,0.02400,0.01500,0.01000,0.00500,0.00100,0.0,0.0,0.00600,0.01500,0.02300
0.08110,0.07600,0.07100,0.06400,0.05600,0.04600,0.03200,0.01600,0.0,-0.01600,-0.03100,-0.04500,-0.05900
2.000,5.000
-0.10500,-0.09500,-0.08700,-0.07700,-0.07000,-0.05300,-0.03500,-0.02000,0.0,0.01900,0.03900,0.05900,0.08200
0.02700,0.02050,0.01400,0.01000,0.00600,0.00050,-0.00200,-0.00300,0.0,0.00500,0.01300,0.02300,0.03700
0.06000,0.05900,0.05700,0.05300,0.04700,0.03800,0.02700,0.01400,0.0,-0.01500,-0.03100,-0.04900,-0.07900
2.000,10.000
-0.10000,-0.09400,-0.08500,-0.07600,-0.06700,-0.05200,-0.03700,-0.01900,0.0,0.02000,0.04400,0.06100,0.08700
0.01200,0.00750,0.00200,-0.00100,-0.00400,-0.00800,-0.00900,-0.00700,0.0,0.00700,0.01700,0.03300,0.05200
0.06600,0.06300,0.05900,0.05400,0.04750,0.03800,0.02700,0.01400,0.0,-0.01600,-0.03300,-0.05400,-0.07700
2.000,15.000
-0.10200,-0.09800,-0.09000,-0.08300,-0.06800,-0.05200,-0.03700,-0.02000,0.0,0.02200,0.04200,0.06500,0.09000
-0.00500,-0.00800,-0.01000,-0.01300,-0.01500,-0.01600,-0.01400,-0.00900,0.0,0.01100,0.02400,0.04100,0.06500
0.06950,0.06700,0.06300,0.05800,0.05000,0.04100,0.02900,0.01500,0.0,-0.01900,-0.03600,-0.06000,-0.08600
2.000,20.000
-0.10500,-0.10300,-0.09300,-0.07900,-0.06500,-0.05000,-0.03500,-0.01900,0.0,0.02200,0.04300,0.06700,0.09800
-0.02300,-0.02400,-0.02400,-0.02400,-0.02300,-0.02100,-0.01800,-0.01100,0.0,0.01400,0.03100,0.05000,0.07600
0.07160,0.07000,0.06700,0.05900,0.05200,0.04300,0.03100,0.01500,0.0,-0.01800,-0.04200,-0.06700,-0.10000
2.000,25.000
-0.10500,-0.09800,-0.08700,-0.07700,-0.06600,-0.05000,-0.03500,-0.01900,0.0,0.02200,0.04700,0.07200,0.10000
-0.03740,-0.03540,-0.03350,-0.03130,-0.03000,-0.02600,-0.02150,-0.01400,0.0,0.01800,0.04000,0.06800,0.10000
0.07530,0.07070,0.06600,0.05970,0.05330,0.04500,0.03250,0.01700,0.0,-0.02150,-0.04630,-0.07600,-0.10570
2.000,30.000
-0.10500,-0.09800,-0.08900,-0.07900,-0.06500,-0.05000,-0.03500,-0.01900,0.0,0.02200,0.04700,0.07200,0.10000
-0.05500,-0.05000,-0.04500,-0.04000,-0.03600,-0.03200,-0.02500,-0.01500,0.0,0.02200,0.05200,0.08600,0.12300
0.08200,0.07600,0.07100,0.06500,0.05750,0.04900,0.03700,0.02100,0.0,-0.02500,-0.05400,-0.08500,-0.11400
3.000,-10.000
-0.09500,-0.08800,-0.08200,-0.07200,-0.05900,-0.04400,-0.02700,-0.01500,0.0,0.00900,0.01500,0.02200,0.02500
0.06340,0.05240,0.04150,0.03230,0.02300,0.01570,0.00830,0.00410,0.0,-0.00170,-0.00330,-0.00280,-0.00230
0.05700,0.05546,0.05160,0.04610,0.04030,0.02980,0.01590,0.00820,0.0,-0.00712,-0.01630,-0.02000,-0.02340
3.000,-5.000
-0.08500,-0.08000,-0.06700,-0.05900,-0.05000,-0.04000,-0.02700,-0.01400,0.0,0.00900,0.02000,0.02500,0.03200
0.04410,0.03600,0.02800,0.02200,0.01600,0.01100,0.00600,0.00300,0.0,-0.00100,0.0,0.00300,0.00400
0.04920,0.04670,0.04430,0.03930,0.03400,0.02480,0.01420,0.00740,0.0,-0.00712,-0.01630,-0.02050,-0.02350
3.000,0.0
-0.07000,-0.06000,-0.05200,-0.04500,-0.03700,-0.02700,-0.01700,-0.01000,0.0,0.00900,0.02200,0.03400,0.04500
0.02500,0.02000,0.01550,0.01150,0.00800,0.00400,0.00300,0.00100,0.0,0.00100,0.00300,0.00600,0.01200
0.03850,0.03570,0.03130,0.02730,0.02300,0.01780,0.01220,0.00640,0.0,-0.00712,-0.01630,-0.02550,-0.03650
3.000,5.000
-0.06300,-0.05500,-0.04800,-0.04200,-0.03500,-0.02500,-0.01700,-0.01000,0.0,0.01000,0.02200,0.03600,0.05200
0.01600,0.01200,0.00850,0.00600,0.00300,0.00100,0.0,-0.00100,0.0,0.00250,0.00700,0.01400,0.02200
0.03650,0.03370,0.03030,0.02630,0.02400,0.01780,0.01220,0.00640,0.0,-0.00812,-0.01830,-0.02950,-0.04350
3.000,10.000
-0.06000,-0.05500,-0.04800,-0.04000,-0.03500,-0.02700,-0.02000,-0.01100,0.0,0.01400,0.02300,0.04200,0.06000
0.01000,0.00600,0.00200,0.0,-0.00200,-0.00300,-0.00400,-0.00200,0.0,0.00400,0.01000,0.02100,0.03600
0.03750,0.03570,0.03300,0.02930,0.02500,0.01977,0.01400,0.00740,0.0,-0.01020,-0.02230,-0.03650,-0.05250
3.000,15.000
-0.06800,-0.06000,-0.05100,-0.04300,-0.03400,-0.02900,-0.02100,-0.01200,0.0,0.01500,0.02900,0.04900,0.06800
-0.00200,-0.00300,-0.00400,-0.00500,-0.00600,-0.00700,-0.00700,-0.00500,0.0,0.00600,0.01600,0.03200,0.05000
0.04210,0.03930,0.03610,0.03250,0.02800,0.02258,0.01620,0.00870,0.0,-0.01200,-0.02770,-0.04575,-0.06550
3.000,20.000
-0.06500,-0.05800,-0.05300,-0.04800,-0.04100,-0.03300,-0.02200,-0.01300,0.0,0.01500,0.03500,0.05500,0.07500
-0.01170,-0.01200,-0.01300,-0.01300,-0.01300,-0.01200,-0.01000,-0.00600,0.0,0.01000,0.02300,0.04200,0.06700
0.04700,0.04370,0.04000,0.03600,0.03130,0.02520,0.01780,0.00950,0.0,-0.01400,-0.03450,-0.05550,-0.07950
3.000,25.000
-0.07400,-0.06600,-0.05800,-0.05000,-0.04200,-0.03200,-0.02100,-0.01100,0.0,0.01800,0.03500,0.05800,0.08000
-0.02200,-0.02250,-0.02200,-0.02150,-0.02000,-0.01800,-0.01600,-0.01100,0.0,0.01500,0.03300,0.06160,0.08900
0.05420,0.05090,0.04710,0.04260,0.03730,0.03050,0.02200,0.01180,0.0,-0.01750,-0.04250,-0.06900,-0.09400
3.000,30.000
-0.08200,-0.07500,-0.06700,-0.06000,-0.05200,-0.03900,-0.02600,-0.01300,0.0,0.02100,0.04200,0.07200,0.10300
-0.03890,-0.03520,-0.03250,-0.03000,-0.02800,-0.02600,-0.02200,-0.01500,0.0,0.02000,0.04600,0.08110,0.11420
0.06330,0.05960,0.05560,0.05080,0.04500,0.03660,0.02620,0.01430,0.0,-0.02000,-0.04900,-0.07990,-0.10750
3.000,35.000
-0.08850,-0.08150,-0.07400,-0.06722,-0.06029,-0.04700,-0.03150,-0.01500,0.0,0.02177,0.04383,0.07492,0.10601
-0.05720,-0.05355,-0.05040,-0.04700,-0.04185,-0.03675,-0.02882,-0.01815,0.0,0.02655,0.05876,0.09928,0.13800
0.07240,0.06890,0.06520,0.06050,0.05440,0.04510,0.03200,0.01720,0.0,-0.02570,-0.05420,-0.08190,-0.10800
3.000,40.000
-0.09500,-0.08800,-0.08100,-0.07400,-0.06700,-0.05500,-0.03700,-0.01700,0.0,0.02100,0.04200,0.07200,0.10300
-0.07550,-0.07190,-0.06830,-0.06400,-0.05570,-0.04750,-0.03600,-0.02100,0.0,0.03310,0.07090,0.11640,0.16180
0.08180,0.07860,0.07510,0.07000,0.06390,0.05360,0.03790,0.02030,0.0,-0.02750,-0.06020,-0.08390,-0.10860
3.000,45.000
-0.10225,-0.09600,-0.08837,-0.08062,-0.07225,-0.05962,-0.04137,-0.01900,0.0,0.01912,0.03750,0.06563,0.09737
-0.09110,-0.08717,-0.08312,-0.07721,-0.06824,-0.05825,-0.04337,-0.02370,0.0,0.03620,0.08042,0.13266,0.19032
0.09140,0.08840,0.08520,0.07970,0.07330,0.06040,0.04300,0.02210,0.0,-0.03080,-0.06660,-0.08670,-0.11220
4.000,-10.000
-0.08900,-0.08500,-0.07900,-0.07000,-0.06000,-0.04900,-0.03500,-0.02000,0.0,0.00800,0.01100,0.01100,0.01000
0.05650,0.04650,0.03650,0.02830,0.02010,0.01450,0.00890,0.00450,0.0,-0.00320,-0.00440,-0.00500,-0.00500
0.05750,0.05380,0.05040,0.04310,0.03700,0.02720,0.01590,0.00570,0.0,-0.00210,-0.00550,-0.01310,-0.02050
4.000,-5.000
-0.07300,-0.06600,-0.05900,-0.05200,-0.04500,-0.03400,-0.02300,-0.01100,0.0,0.00700,0.01400,0.02000,0.02600
0.04000,0.03150,0.02450,0.01900,0.01400,0.00880,0.00500,0.00200,0.0,-0.00200,-0.00200,0.0,0.00150
0.04230,0.03760,0.03320,0.02700,0.02200,0.01640,0.01030,0.00470,0.0,-0.00210,-0.00550,-0.01310,-0.02060
4.000,0.0
-0.06000,-0.05500,-0.05000,-0.04300,-0.03600,-0.02800,-0.02000,-0.01200,0.0,0.00800,0.01500,0.02400,0.03800
0.02840,0.02270,0.01600,0.01200,0.00800,0.00450,0.00200,0.00050,0.0,0.0,0.00200,0.00500,0.00400
0.03530,0.03160,0.02820,0.02300,0.01800,0.01340,0.00730,0.00270,0.0,-0.00330,-0.00780,-0.01610,-0.02600
4.000,5.000
-0.05100,-0.04500,-0.04000,-0.03400,-0.02900,-0.02100,-0.01400,-0.00700,0.0,0.01000,0.02100,0.03500,0.05000
0.01940,0.01300,0.00800,0.00550,0.00300,0.00210,0.0,0.0,0.0,0.00200,0.00620,0.01050,0.01490
0.02930,0.02660,0.02320,0.01900,0.01600,0.01140,0.00630,0.00170,0.0,-0.00520,-0.01170,-0.02140,-0.03470
4.000,10.000
-0.04300,-0.03900,-0.03400,-0.02900,-0.02600,-0.02000,-0.01500,-0.00800,0.0,0.01200,0.02200,0.03900,0.05900
0.01010,0.00430,0.00120,-0.00080,-0.00200,-0.00250,-0.00250,-0.00200,0.0,0.00350,0.00900,0.01640,0.02310
0.02830,0.02560,0.02320,0.02000,0.01700,0.01340,0.00930,0.00470,0.0,-0.00700,-0.01680,-0.02990,-0.04700
4.000,15.000
-0.04700,-0.04100,-0.03500,-0.02900,-0.02300,-0.01700,-0.01200,-0.00600,0.0,0.01400,0.02900,0.05000,0.07100
0.0,-0.00400,-0.00650,-0.00780,-0.00800,-0.00600,-0.00500,-0.00300,0.0,0.00600,0.01440,0.02450,0.03740
0.03170,0.02910,0.02660,0.02370,0.02050,0.01700,0.01275,0.00700,0.0,-0.01000,-0.02270,-0.04000,-0.06250
4.000,20.000
-0.05100,-0.04500,-0.03600,-0.02900,-0.02400,-0.01700,-0.01100,-0.00500,0.0,0.01400,0.03000,0.05400,0.08200
-0.00920,-0.01300,-0.01370,-0.01400,-0.01300,-0.01050,-0.00800,-0.00400,0.0,0.00800,0.02160,0.03850,0.06160
0.03500,0.03300,0.03100,0.02840,0.02530,0.02150,0.01600,0.00900,0.0,-0.01200,-0.03000,-0.05250,-0.07900
4.000,25.000
-0.06000,-0.05300,-0.04500,-0.03800,-0.03100,-0.02300,-0.01500,-0.00800,0.0,0.01900,0.03800,0.06200,0.08700
-0.02080,-0.02200,-0.02080,-0.01950,-0.01820,-0.01600,-0.01350,-0.00820,0.0,0.01300,0.03150,0.05700,0.08860
0.04260,0.04030,0.03770,0.03475,0.03110,0.02675,0.02020,0.01130,0.0,-0.01650,-0.03650,-0.06200,-0.09450
4.000,30.000
-0.07000,-0.06500,-0.05900,-0.05100,-0.04300,-0.03500,-0.02600,-0.01500,0.0,0.01900,0.04100,0.06600,0.09200
-0.03350,-0.03130,-0.02950,-0.02670,-0.02440,-0.02170,-0.01980,-0.01300,0.0,0.01900,0.04360,0.07400,0.11350
0.05180,0.04920,0.04660,0.04320,0.03900,0.03310,0.02500,0.01425,0.0,-0.01950,-0.04350,-0.07325,-0.10850
4.000,35.000
-0.07700,-0.07300,-0.06650,-0.05850,-0.05000,-0.04050,-0.02900,-0.01650,0.0,0.01900,0.04216,0.06767,0.09426
-0.04995,-0.04840,-0.04600,-0.04260,-0.03825,-0.03385,-0.02790,-0.01778,0.0,0.02473,0.05430,0.09050,0.13610
0.06300,0.06020,0.05750,0.05350,0.04880,0.04160,0.03100,0.01780,0.0,-0.02430,-0.05150,-0.08120,-0.11390
4.000,40.000
-0.08400,-0.08100,-0.07400,-0.06600,-0.05700,-0.04600,-0.03200,-0.01800,0.0,0.01900,0.04100,0.06600,0.09200
-0.06640,-0.06550,-0.06250,-0.05850,-0.05210,-0.04600,-0.03600,-0.02250,0.0,0.03000,0.06500,0.10700,0.15870
0.07520,0.07210,0.06900,0.06420,0.05880,0.04960,0.03690,0.02130,0.0,-0.02910,-0.05910,-0.08820,-0.011930
4.000,45.000
-0.09212,-0.08937,-0.08187,-0.07387,-0.06400,-0.05187,-0.03650,-0.01950,0.0,0.01712,0.03688,0.05925,0.08150
-0.08131,-0.08046,-0.07694,-0.07222,-0.06467,-0.05691,-0.04384,-0.02612,0.0,0.03437,0.07622,0.12462,0.18516
0.08800,0.08450,0.08090,0.07520,0.06890,0.05680,0.04250,0.02340,0.0,-0.03300,-0.06640,-0.09380,-0.12420
5.000,-10.000
-0.06500,-0.05900,-0.05200,-0.04600,-0.04000,-0.03000,-0.02400,-0.01300,0.0,0.00500,0.00900,0.00700,0.00200
0.05560,0.04540,0.03530,0.02790,0.02050,0.01440,0.00820,0.00320,0.0,-0.00350,-0.00450,-0.00400,-0.00390
0.05250,0.04850,0.04350,0.03670,0.03000,0.02260,0.01340,0.00640,0.0,-0.00110,-0.00530,-0.01060,-0.01780
5.000,-5.000
-0.05700,-0.05100,-0.04500,-0.04000,-0.03400,-0.02500,-0.01700,-0.00900,0.0,0.00600,0.01200,0.01300,0.01400
0.04190,0.03320,0.02650,0.02030,0.01410,0.00930,0.00450,0.00100,0.0,-0.00200,-0.00200,0.0,0.00200
0.03740,0.03300,0.02750,0.02180,0.01620,0.01230,0.00740,0.00440,0.0,-0.00130,-0.00530,-0.01060,-0.01780
5.000,0.0
-0.04800,-0.04500,-0.03800,-0.03300,-0.02800,-0.02100,-0.01400,-0.00700,0.0,0.00700,0.01400,0.01900,0.02400
0.02830,0.02270,0.01710,0.01250,0.00790,0.00420,0.00120,0.00060,0.0,0.00040,0.00070,0.00440,0.00810
0.02940,0.02600,0.02150,0.01680,0.01220,0.00930,0.00640,0.00340,0.0,-0.00300,-0.00740,-0.01260,-0.02260
5.000,5.000
-0.04200,-0.03800,-0.03400,-0.02900,-0.02500,-0.01900,-0.01300,-0.00600,0.0,0.00900,0.01800,0.02900,0.03900
0.01860,0.01250,0.00880,0.00500,0.00220,0.0,-0.00100,-0.00050,0.0,0.00210,0.00420,0.00950,0.01480
0.02240,0.01900,0.01550,0.01180,0.00920,0.00730,0.00440,0.00240,0.0,-0.00420,-0.01070,-0.01880,-0.03140
5.000,10.000
-0.03600,-0.03400,-0.02900,-0.02600,-0.02200,-0.01700,-0.01600,-0.00600,0.0,0.01100,0.02200,0.03300,0.05100
0.00850,0.00510,0.00170,-0.00010,-0.00180,-0.00300,-0.00310,-0.00200,0.0,0.00350,0.00860,0.01500,0.02250
0.02240,0.02010,0.01750,0.01480,0.01220,0.00930,0.00640,0.00335,0.0,-0.00600,-0.01530,-0.02760,-0.04450
5.000,15.000
-0.04000,-0.03600,-0.03200,-0.02800,-0.02400,-0.01800,-0.01200,-0.00600,0.0,0.01300,0.02500,0.04800,0.07000
-0.00040,-0.00200,-0.00360,-0.00470,-0.00580,-0.00580,-0.00580,-0.00290,0.0,0.00450,0.01350,0.02500,0.03960
0.02420,0.02220,0.02025,0.01810,0.01550,0.01275,0.00930,0.00510,0.0,-0.00850,-0.02150,-0.03875,-0.06200
5.000,20.000
-0.04500,-0.04000,-0.03500,-0.03000,-0.02500,-0.01900,-0.01700,-0.00600,0.0,0.01700,0.02800,0.05300,0.08700
-0.00770,-0.00860,-0.00950,-0.00980,-0.01010,-0.00940,-0.00870,-0.00600,0.0,0.00800,0.02030,0.03750,0.06280
0.02860,0.02710,0.02560,0.02350,0.02110,0.01820,0.01410,0.00800,0.0,-0.01200,-0.02850,-0.05050,-0.07900
5.000,25.000
-0.05500,-0.04900,-0.04400,-0.03800,-0.03300,-0.02500,-0.01600,-0.00800,0.0,0.01950,0.03460,0.05900,0.08700
-0.01770,-0.01740,-0.01700,-0.01640,-0.01590,-0.01430,-0.01290,-0.00900,0.0,0.01250,0.02890,0.05300,0.08580
0.03650,0.03440,0.03280,0.03050,0.02770,0.02410,0.01870,0.01060,0.0,-0.01510,-0.03600,-0.06200,-0.09550
5.000,30.000
-0.06500,-0.05900,-0.05300,-0.04600,-0.04000,-0.03000,-0.02400,-0.01300,0.0,0.02200,0.04120,0.06200,0.08700
-0.02830,-0.02800,-0.02770,-0.02630,-0.02490,-0.02210,-0.01920,-0.01270,0.0,0.01800,0.04140,0.07200,0.11350
0.04650,0.04440,0.04200,0.03920,0.03600,0.03120,0.02400,0.01370,0.0,-0.01850,-0.04370,-0.07400,-0.11100
5.000,35.000
-0.07500,-0.06870,-0.06250,-0.05550,-0.04850,-0.03700,-0.03002,-0.01621,0.0,0.02262,0.04235,0.06330,0.08494
-0.04400,-0.04400,-0.04285,-0.04115,-0.03815,-0.03405,-0.02815,-0.01715,0.0,0.02335,0.05305,0.08850,0.13630
0.05880,0.05670,0.05440,0.05000,0.04680,0.03970,0.03030,0.01670,0.0,-0.02250,-0.05190,-0.08377,-0.11870
5.000,40.000
-0.08500,-0.07800,-0.07200,-0.06500,-0.05700,-0.04400,-0.03500,-0.01800,0.0,0.02200,0.04120,0.06200,0.08000
-0.05970,-0.06000,-0.05800,-0.05600,-0.05140,-0.04600,-0.03710,-0.02200,0.0,0.02850,0.06380,0.10500,0.15910
0.07170,0.06950,0.06710,0.06250,0.05760,0.04820,0.03640,0.01970,0.0,-0.02650,-0.06010,-0.09270,-0.12390
5.000,45.000
-0.09312,-0.08675,-0.08038,-0.07300,-0.06400,-0.05100,-0.03937,-0.01862,0.0,0.02050,0.03887,0.05637,0.07087
-0.07502,-0.07506,-0.07255,-0.06965,-0.06394,-0.05611,-0.04567,-0.02710,0.0,0.03337,0.07361,0.12225,0.18689
0.08480,0.08240,0.07980,0.07400,0.06790,0.05600,0.04170,0.02270,0.0,-0.03080,-0.06710,-0.09950,-0.12750
5.000,50.000
-0.10000,-0.09500,-0.08800,-0.08000,-0.07000,-0.05800,-0.04300,-0.01800,0.0,0.01800,0.03500,0.04700,0.05800
-0.09010,-0.08950,-0.08670,-0.08250,-0.07600,-0.06500,-0.05400,-0.03250,0.0,0.03800,0.08250,0.14000,0.21800
0.09820,0.09560,0.09270,0.08540,0.07780,0.06300,0.04650,0.02570,0.0,-0.03540,-0.07340,-0.10470,-0.12940
8.000,-10.000
-0.06900,-0.05800,-0.04700,-0.03900,-0.03100,-0.02300,-0.01500,-0.00700,0.0,0.00500,0.01000,0.01000,0.01100
0.05340,0.04460,0.03580,0.02780,0.01970,0.01280,0.00590,0.00290,0.0,-0.00370,-0.00530,-0.00570,-0.00810
0.05170,0.04680,0.04170,0.03460,0.02750,0.02090,0.01190,0.00730,0.0,-0.00080,-0.00250,-0.00320,-0.01420
8.000,-5.000
-0.05500,-0.04800,-0.04000,-0.03300,-0.02700,-0.02100,-0.01400,-0.00700,0.0,0.00500,0.01000,0.01000,0.01100
0.03860,0.03170,0.02490,0.01910,0.01340,0.00890,0.00430,0.00220,0.0,-0.00120,-0.00240,-0.00170,-0.00100
0.03720,0.03290,0.02850,0.02260,0.01710,0.01380,0.00760,0.00490,0.0,-0.00080,-0.00260,-0.00310,-0.01400
8.000,0.0
-0.04200,-0.03700,-0.03300,-0.02800,-0.02300,-0.01900,-0.01200,-0.00700,0.0,0.00500,0.01000,0.01000,0.01100
0.02380,0.01890,0.01390,0.01050,0.00700,0.00490,0.00280,0.00140,0.0,0.00030,0.00050,0.00250,0.00610
0.02440,0.02180,0.01900,0.01620,0.01260,0.01100,0.00690,0.00450,0.0,-0.00200,-0.00510,-0.00650,-0.01840
8.000,5.000
-0.03300,-0.03100,-0.02800,-0.02500,-0.02200,-0.01800,-0.01500,-0.00700,0.0,0.00700,0.01400,0.02200,0.02900
0.01330,0.01010,0.00690,0.00490,0.00280,0.00170,0.00070,0.00030,0.0,0.00200,0.00390,0.00830,0.01260
0.01650,0.01420,0.01330,0.01150,0.00990,0.00880,0.00620,0.00410,0.0,-0.00350,-0.00800,-0.01180,-0.02800
8.000,10.000
-0.02500,-0.02400,-0.02400,-0.02200,-0.02000,-0.01800,-0.01500,-0.01000,0.0,0.00900,0.01700,0.02800,0.04600
0.00280,0.00140,-0.00010,-0.00070,-0.00140,-0.00140,-0.00140,-0.00070,0.0,0.00300,0.00740,0.01250,0.01910
0.01400,0.01220,0.01100,0.00910,0.00790,0.00700,0.00430,0.00320,0.0,-0.00640,-0.01380,-0.02210,-0.04230
8.000,15.000
-0.03000,-0.02800,-0.02700,-0.02500,-0.02300,-0.02000,-0.01700,-0.00800,0.0,0.01200,0.02400,0.04000,0.05700
-0.00230,-0.00360,-0.00490,-0.00530,-0.00570,-0.00520,-0.00470,-0.00230,0.0,0.00650,0.01300,0.02670,0.04030
0.01390,0.01220,0.01100,0.01010,0.00990,0.00900,0.00620,0.00420,0.0,-0.00800,-0.02040,-0.03360,-0.06100
8.000,20.000
-0.03400,-0.03200,-0.03100,-0.02800,-0.02500,-0.02200,-0.01800,-0.01200,0.0,0.01400,0.02800,0.04800,0.06700
-0.00730,-0.00850,-0.00970,-0.00990,-0.00950,-0.00790,-0.00790,-0.00500,0.0,0.00700,0.01860,0.03700,0.06160
0.02090,0.01900,0.01770,0.01620,0.01440,0.01230,0.00950,0.00580,0.0,-0.01150,-0.02750,-0.04950,-0.08200
8.000,25.000
-0.04400,-0.04200,-0.03900,-0.03600,-0.03300,-0.02800,-0.02300,-0.01200,0.0,0.01700,0.03500,0.05400,0.07300
-0.01670,-0.01670,-0.01680,-0.01620,-0.01570,-0.01430,-0.01290,-0.00650,0.0,0.01480,0.02970,0.05840,0.08710
0.02800,0.02670,0.02540,0.02270,0.02170,0.01900,0.01510,0.00930,0.0,-0.01470,-0.03500,-0.06250,-0.09900
8.000,30.000
-0.05400,-0.05100,-0.04800,-0.04400,-0.04000,-0.03400,-0.02800,-0.01700,0.0,0.02100,0.04100,0.06000,0.07900
-0.02600,-0.02500,-0.02400,-0.02260,-0.02120,-0.01960,-0.01800,-0.01150,0.0,0.01700,0.04070,0.07200,0.11250
0.03850,0.03700,0.03510,0.03300,0.03040,0.02680,0.02160,0.01275,0.0,-0.01745,-0.04250,-0.07500,-0.11300
8.000,35.000
-0.06500,-0.06200,-0.05900,-0.05350,-0.04800,-0.03950,-0.03050,-0.01750,0.0,0.02150,0.04300,0.06240,0.08186
-0.03927,-0.03926,-0.03830,-0.03665,-0.03395,-0.03080,-0.02640,-0.01650,0.0,0.02300,0.05190,0.08711,0.13590
0.05070,0.04900,0.04675,0.04400,0.04050,0.03485,0.02700,0.01560,0.0,-0.02150,-0.05040,-0.08500,-0.12550
8.000,40.000
-0.07600,-0.07300,-0.07000,-0.06300,-0.05600,-0.04500,-0.03300,-0.01800,0.0,0.02000,0.04100,0.06000,0.07900
-0.05390,-0.05400,-0.05260,-0.05070,-0.04670,-0.04200,-0.03480,-0.02150,0.0,0.02900,0.06310,0.10400,0.15920
0.06520,0.06260,0.05950,0.05570,0.05040,0.04250,0.03200,0.01800,0.0,-0.02370,-0.05550,-0.09750,-0.14000
8.000,45.000
-0.08587,-0.08212,-0.07875,-0.07063,-0.06287,-0.05088,-0.03587,-0.01850,0.0,0.01725,0.03500,0.05100,0.06400
-0.06916,-0.06887,-0.06652,-0.06332,-0.05851,-0.05211,-0.04252,-0.02556,0.0,0.03369,0.07336,0.12300,0.18955
0.07820,0.07550,0.07250,0.06780,0.06130,0.05200,0.03940,0.02210,0.0,-0.02750,-0.06100,-0.10950,-0.16750
8.000,50.000
-0.09500,-0.09000,-0.08600,-0.07700,-0.06900,-0.05700,-0.03900,-0.01900,0.0,0.01300,0.02500,0.03600,0.03900
-0.08530,-0.08400,-0.08020,-0.07500,-0.06970,-0.06150,-0.04980,-0.02900,0.0,0.03750,0.08300,0.14400,0.22460
0.09020,0.08750,0.08340,0.07730,0.06900,0.05780,0.04330,0.02400,0.0,-0.03150,-0.07000,-0.12100,-0.18850
10.000,-10.000
-0.07000,-0.05900,-0.04900,-0.03900,-0.02900,-0.02200,-0.01400,-0.00700,0.0,0.00400,0.00900,0.01000,0.01100
0.05730,0.04730,0.03720,0.02860,0.02000,0.01340,0.00690,0.00250,0.0,-0.00350,-0.00480,-0.00500,-0.00790
0.05170,0.04680,0.04170,0.03460,0.02750,0.02090,0.01190,0.00730,0.0,-0.00080,-0.00250,-0.00320,-0.01420
10.000,-5.000
-0.05600,-0.04800,-0.04100,-0.03300,-0.02600,-0.01900,-0.01300,-0.00600,0.0,0.00400,0.00900,0.01000,0.01100
0.04060,0.03310,0.02560,0.01960,0.01350,0.00910,0.00470,0.00230,0.0,-0.00120,-0.00240,-0.00160,-0.00080
0.03720,0.03290,0.02850,0.02260,0.01710,0.01380,0.00760,0.00490,0.0,-0.00080,-0.00260,-0.00310,-0.01400
10.000,0.0
-0.04200,-0.03700,-0.03200,-0.02800,-0.02300,-0.01700,-0.01100,-0.00600,0.0,0.00400,0.00900,0.01000,0.01000
0.02380,0.01890,0.01400,0.01060,0.00710,0.00480,0.00250,0.00120,0.0,0.0,0.0,0.00250,0.00630
0.02440,0.02180,0.01900,0.01620,0.01260,0.01100,0.00690,0.00450,0.0,-0.00200,-0.00510,-0.00650,-0.01840
10.000,5.000
-0.03300,-0.03000,-0.02700,-0.02400,-0.02100,-0.01500,-0.01000,-0.00500,0.0,0.00700,0.01300,0.02000,0.02800
0.01350,0.01040,0.00740,0.00520,0.00300,0.00180,0.00060,0.00030,0.0,0.00170,0.00340,0.00800,0.01260
0.01650,0.01420,0.01330,0.01150,0.00990,0.00880,0.00620,0.00410,0.0,-0.00350,-0.00800,-0.01180,-0.02800
10.000,10.000
-0.02500,-0.02400,-0.02200,-0.02000,-0.01800,-0.01400,-0.00900,-0.00500,0.0,0.00800,0.01700,0.03100,0.04500
0.00310,0.00190,0.00070,-0.00020,-0.00110,-0.00120,-0.00130,-0.00060,0.0,0.00270,0.00680,0.01280,0.01890
0.01400,0.01220,0.01100,0.00910,0.00790,0.00700,0.00430,0.00320,0.0,-0.00640,-0.01380,-0.02210,-0.04230
10.000,15.000
-0.03000,-0.02800,-0.02600,-0.02400,-0.02200,-0.01600,-0.01100,-0.00500,0.0,0.01100,0.02200,0.03900,0.05600
-0.00200,-0.00330,-0.00460,-0.00500,-0.00540,-0.00500,-0.00450,-0.00220,0.0,0.00630,0.01270,0.02640,0.04010
0.01390,0.01220,0.01100,0.01010,0.00990,0.00900,0.00620,0.00420,0.0,-0.00800,-0.02040,-0.03360,-0.06100
10.000,20.000
-0.03400,-0.03200,-0.03000,-0.02800,-0.02600,-0.01900,-0.01300,-0.00600,0.0,0.01400,0.02800,0.04800,0.06700
-0.00720,-0.00850,-0.00990,-0.00980,-0.00980,-0.00870,-0.00770,-0.00380,0.0,0.00700,0.01860,0.03700,0.06130
0.02090,0.01900,0.01770,0.01620,0.01440,0.01230,0.00950,0.00580,0.0,-0.01150,-0.02750,-0.04950,-0.08200
10.000,25.000
-0.04400,-0.04100,-0.03800,-0.03500,-0.03300,-0.02500,-0.01600,-0.00800,0.0,0.01700,0.03400,0.05300,0.07300
-0.01670,-0.01670,-0.01670,-0.01610,-0.01560,-0.01420,-0.01280,-0.00640,0.0,0.01480,0.02950,0.05810,0.08670
0.02800,0.02670,0.02540,0.02270,0.02170,0.01900,0.01510,0.00930,0.0,-0.01470,-0.03500,-0.06250,-0.09900
10.000,30.000
-0.05300,-0.05000,-0.04600,-0.04300,-0.04000,-0.03000,-0.02000,-0.01000,0.0,0.02000,0.04000,0.05900,0.07900
-0.02630,-0.02490,-0.02350,-0.02250,-0.02140,-0.01970,-0.01790,-0.01250,0.0,0.01550,0.04050,0.07300,0.11210
0.03850,0.03700,0.03510,0.03300,0.03040,0.02680,0.02160,0.01275,0.0,-0.01745,-0.04250,-0.07500,-0.11300
10.000,35.000
-0.06500,-0.06100,-0.05600,-0.05200,-0.04750,-0.03600,-0.02400,-0.01200,0.0,0.02086,0.04171,0.06140,0.08188
-0.03944,-0.03862,-0.03785,-0.03590,-0.03390,-0.03085,-0.02645,-0.01711,0.0,0.02125,0.05175,0.08851,0.13535
0.05070,0.04900,0.04675,0.04400,0.04050,0.03485,0.02700,0.01560,0.0,-0.02150,-0.05040,-0.08500,-0.12550
10.000,40.000
-0.07700,-0.07200,-0.06600,-0.06100,-0.05500,-0.04200,-0.02800,-0.01400,0.0,0.02000,0.04000,0.05900,0.07900
-0.05400,-0.05310,-0.05220,-0.04930,-0.04640,-0.04200,-0.03500,-0.02150,0.0,0.02700,0.06300,0.10500,0.15860
0.06520,0.06250,0.05950,0.05570,0.05040,0.04250,0.03200,0.01800,0.0,-0.02370,-0.05550,-0.09750,-0.14000
10.000,45.000
-0.08675,-0.08075,-0.07450,-0.06850,-0.06175,-0.04687,-0.03125,-0.01562,0.0,0.01775,0.03550,0.05000,0.06362
-0.06927,-0.06784,-0.06636,-0.06233,-0.05830,-0.05210,-0.04272,-0.02581,0.0,0.03181,0.07324,0.12325,0.18912
0.07820,0.07550,0.07250,0.06730,0.06130,0.05200,0.03940,0.02210,0.0,-0.02750,-0.06100,-0.10950,-0.16750
10.000,50.000
-0.09500,-0.08800,-0.08200,-0.07500,-0.06800,-0.05100,-0.03400,-0.01700,0.0,0.01400,0.02800,0.03500,0.03800
-0.08550,-0.08300,-0.08040,-0.07510,-0.06980,-0.06150,-0.04990,-0.03000,0.0,0.03600,0.08280,0.14300,0.22450
0.09020,0.08750,0.08340,0.07730,0.06900,0.05780,0.04330,0.02400,0.0,-0.03150,-0.07000,-0.12100,-0.18850
15.000,-10.000
-0.07000,-0.05900,-0.04900,-0.03900,-0.02900,-0.02200,-0.01400,-0.00700,0.0,0.00400,0.00900,0.01000,0.01100
0.05730,0.04730,0.03720,0.02860,0.02000,0.01340,0.00690,0.00250,0.0,-0.00350,-0.00480,-0.00500,-0.00790
0.05170,0.04680,0.04170,0.03460,0.02750,0.02090,0.01190,0.00730,0.0,-0.00080,-0.00250,-0.00320,-0.01420
15.000,-5.000
-0.05600,-0.04800,-0.04100,-0.03300,-0.02600,-0.01900,-0.01300,-0.00600,0.0,0.00400,0.00900,0.01000,0.01100
0.04060,0.03310,0.02560,0.01960,0.01350,0.00910,0.00470,0.00230,0.0,-0.00120,-0.00240,-0.00160,-0.00080
0.03720,0.03290,0.02850,0.02260,0.01710,0.01380,0.00760,0.00490,0.0,-0.00080,-0.00260,-0.00310,-0.01400
15.000,0.0
-0.04200,-0.03700,-0.03200,-0.02800,-0.02300,-0.01700,-0.01100,-0.00600,0.0,0.00400,0.00900,0.01000,0.01000
0.02380,0.01890,0.01400,0.01060,0.00710,0.00480,0.00250,0.00120,0.0,0.0,0.0,0.00250,0.00630
0.02440,0.02180,0.01900,0.01620,0.01260,0.01100,0.00690,0.00450,0.0,-0.00200,-0.00510,-0.00650,-0.01840
15.000,5.000
-0.03300,-0.03000,-0.02700,-0.02400,-0.02100,-0.01500,-0.01000,-0.00500,0.0,0.00700,0.01300,0.02000,0.02800
0.01350,0.01040,0.00740,0.00520,0.00300,0.00180,0.00060,0.00030,0.0,0.00170,0.00340,0.00800,0.01260
0.01650,0.01420,0.01330,0.01150,0.00990,0.00880,0.00620,0.00410,0.0,-0.00350,-0.00800,-0.01180,-0.02800
15.000,10.000
-0.02500,-0.02400,-0.02200,-0.02000,-0.01800,-0.01400,-0.00900,-0.00500,0.0,0.00800,0.01700,0.03100,0.04500
0.00310,0.00190,0.00070,-0.00020,-0.00110,-0.00120,-0.00130,-0.00060,0.0,0.00270,0.00680,0.01280,0.01890
0.01400,0.01220,0.01100,0.00910,0.00790,0.00700,0.00430,0.00320,0.0,-0.00640,-0.01380,-0.02210,-0.04230
15.000,15.000
-0.03000,-0.02800,-0.02600,-0.02400,-0.02200,-0.01600,-0.01100,-0.00500,0.0,0.01100,0.02200,0.03900,0.05600
-0.00200,-0.00330,-0.00460,-0.00500,-0.00540,-0.00500,-0.00450,-0.00220,0.0,0.00630,0.01270,0.02640,0.04010
0.01390,0.01220,0.01100,0.01010,0.00990,0.00900,0.00620,0.00420,0.0,-0.00800,-0.02040,-0.03360,-0.06100
15.000,20.000
-0.03400,-0.03200,-0.03000,-0.02800,-0.02600,-0.01900,-0.01300,-0.00600,0.0,0.01400,0.02800,0.04800,0.06700
-0.00720,-0.00850,-0.00990,-0.00980,-0.00980,-0.00870,-0.00770,-0.00380,0.0,0.00700,0.01860,0.03700,0.06130
0.02090,0.01900,0.01770,0.01620,0.01440,0.01230,0.00950,0.00580,0.0,-0.01150,-0.02750,-0.04950,-0.08200
15.000,25.000
-0.04400,-0.04100,-0.03800,-0.03500,-0.03300,-0.02500,-0.01600,-0.00800,0.0,0.01700,0.03400,0.05300,0.07300
-0.01670,-0.01670,-0.01670,-0.01610,-0.01560,-0.01420,-0.01280,-0.00640,0.0,0.01480,0.02950,0.05810,0.08670
0.02800,0.02670,0.02540,0.02270,0.02170,0.01900,0.01510,0.00930,0.0,-0.01470,-0.03500,-0.06250,-0.09900
15.000,30.000
-0.05300,-0.05000,-0.04600,-0.04300,-0.04000,-0.03000,-0.02000,-0.01000,0.0,0.02000,0.04000,0.05900,0.07900
-0.02630,-0.02490,-0.02350,-0.02250,-0.02140,-0.01970,-0.01790,-0.01250,0.0,0.01550,0.04050,0.07300,0.11210
0.03850,0.03700,0.03510,0.03300,0.03040,0.02680,0.02160,0.01275,0.0,-0.01745,-0.04250,-0.07500,-0.11300
15.000,35.000
-0.06500,-0.06100,-0.05600,-0.05200,-0.04750,-0.03600,-0.02400,-0.01200,0.0,0.02086,0.04171,0.06140,0.08188
-0.03944,-0.03862,-0.03785,-0.03590,-0.03390,-0.03085,-0.02645,-0.01711,0.0,0.02125,0.05175,0.08851,0.13535
0.05070,0.04900,0.04675,0.04400,0.04050,0.03485,0.02700,0.01560,0.0,-0.02150,-0.05040,-0.08500,-0.12550
15.000,40.000
-0.07700,-0.07200,-0.06600,-0.06100,-0.05500,-0.04200,-0.02800,-0.01400,0.0,0.02000,0.04000,0.05900,0.07900
-0.05400,-0.05310,-0.05220,-0.04930,-0.04640,-0.04200,-0.03500,-0.02150,0.0,0.02700,0.06300,0.10500,0.15860
0.06520,0.06250,0.05950,0.05570,0.05040,0.04250,0.03200,0.01800,0.0,-0.02370,-0.05550,-0.09750,-0.14000
15.000,45.000
-0.08675,-0.08075,-0.07450,-0.06850,-0.06175,-0.04687,-0.03125,-0.01562,0.0,0.01775,0.03550,0.05000,0.06362
-0.06927,-0.06784,-0.06636,-0.06233,-0.05830,-0.05210,-0.04272,-0.02581,0.0,0.03181,0.07324,0.12325,0.18912
0.07820,0.07550,0.07250,0.06730,0.06130,0.05200,0.03940,0.02210,0.0,-0.02750,-0.06100,-0.10950,-0.16750
15.000,50.000
-0.09500,-0.08800,-0.08200,-0.07500,-0.06800,-0.05100,-0.03400,-0.01700,0.0,0.01400,0.02800,0.03500,0.03800
-0.08550,-0.08300,-0.08040,-0.07510,-0.06980,-0.06150,-0.04990,-0.03000,0.0,0.03600,0.08280,0.14300,0.22450
0.09020,0.08750,0.08340,0.07730,0.06900,0.05780,0.04330,0.02400,0.0,-0.03150,-0.07000,-0.12100,-0.18850
20.000,-10.000
-0.07000,-0.05900,-0.04900,-0.03900,-0.02900,-0.02200,-0.01400,-0.00700,0.0,0.00400,0.00900,0.01000,0.01100
0.05730,0.04730,0.03720,0.02860,0.02000,0.01340,0.00690,0.00250,0.0,-0.00350,-0.00480,-0.00500,-0.00790
0.05170,0.04680,0.04170,0.03460,0.02750,0.02090,0.01190,0.00730,0.0,-0.00080,-0.00250,-0.00320,-0.01420
20.000,-5.000
-0.05600,-0.04800,-0.04100,-0.03300,-0.02600,-0.01900,-0.01300,-0.00600,0.0,0.00400,0.00900,0.01000,0.01100
0.04060,0.03310,0.02560,0.01960,0.01350,0.00910,0.00470,0.00230,0.0,-0.00120,-0.00240,-0.00160,-0.00080
0.03720,0.03290,0.02850,0.02260,0.01710,0.01380,0.00760,0.00490,0.0,-0.00080,-0.00260,-0.00310,-0.01400
20.000,0.0
-0.04200,-0.03700,-0.03200,-0.02800,-0.02300,-0.01700,-0.01100,-0.00600,0.0,0.00400,0.00900,0.01000,0.01000
0.02380,0.01890,0.01400,0.01060,0.00710,0.00480,0.00250,0.00120,0.0,0.0,0.0,0.00250,0.00630
0.02440,0.02180,0.01900,0.01620,0.01260,0.01100,0.00690,0.00450,0.0,-0.00200,-0.00510,-0.00650,-0.01840
20.000,5.000
-0.03300,-0.03000,-0.02700,-0.02400,-0.02100,-0.01500,-0.01000,-0.00500,0.0,0.00700,0.01300,0.02000,0.02800
0.01350,0.01040,0.00740,0.00520,0.00300,0.00180,0.00060,0.00030,0.0,0.00170,0.00340,0.00800,0.01260
0.01650,0.01420,0.01330,0.01150,0.00990,0.00880,0.00620,0.00410,0.0,-0.00350,-0.00800,-0.01180,-0.02800
20.000,10.000
-0.02500,-0.02400,-0.02200,-0.02000,-0.01800,-0.01400,-0.00900,-0.00500,0.0,0.00800,0.01700,0.03100,0.04500
0.00310,0.00190,0.00070,-0.00020,-0.00110,-0.00120,-0.00130,-0.00060,0.0,0.00270,0.00680,0.01280,0.01890
0.01400,0.01220,0.01100,0.00910,0.00790,0.00700,0.00430,0.00320,0.0,-0.00640,-0.01380,-0.02210,-0.04230
20.000,15.000
-0.03000,-0.02800,-0.02600,-0.02400,-0.02200,-0.01600,-0.01100,-0.00500,0.0,0.01100,0.02200,0.03900,0.05600
-0.00200,-0.00330,-0.00460,-0.00500,-0.00540,-0.00500,-0.00450,-0.00220,0.0,0.00630,0.01270,0.02640,0.04010
0.01390,0.01220,0.01100,0.01010,0.00990,0.00900,0.00620,0.00420,0.0,-0.00800,-0.02040,-0.03360,-0.06100
20.000,20.000
-0.03400,-0.03200,-0.03000,-0.02800,-0.02600,-0.01900,-0.01300,-0.00600,0.0,0.01400,0.02800,0.04800,0.06700
-0.00720,-0.00850,-0.00990,-0.00980,-0.00980,-0.00870,-0.00770,-0.00380,0.0,0.00700,0.01860,0.03700,0.06130
0.02090,0.01900,0.01770,0.01620,0.01440,0.01230,0.00950,0.00580,0.0,-0.01150,-0.02750,-0.04950,-0.08200
20.000,25.000
-0.04400,-0.04100,-0.03800,-0.03500,-0.03300,-0.02500,-0.01600,-0.00800,0.0,0.01700,0.03400,0.05300,0.07300
-0.01670,-0.01670,-0.01670,-0.01610,-0.01560,-0.01420,-0.01280,-0.00640,0.0,0.01480,0.02950,0.05810,0.08670
0.02800,0.02670,0.02540,0.02270,0.02170,0.01900,0.01510,0.00930,0.0,-0.01470,-0.03500,-0.06250,-0.09900
20.000,30.000
-0.05300,-0.05000,-0.04600,-0.04300,-0.04000,-0.03000,-0.02000,-0.01000,0.0,0.02000,0.04000,0.05900,0.07900
-0.02630,-0.02490,-0.02350,-0.02250,-0.02140,-0.01970,-0.01790,-0.01250,0.0,0.01550,0.04050,0.07300,0.11210
0.03850,0.03700,0.03510,0.03300,0.03040,0.02680,0.02160,0.01275,0.0,-0.01745,-0.04250,-0.07500,-0.11300
20.000,35.000
-0.06500,-0.06100,-0.05600,-0.05200,-0.04750,-0.03600,-0.02400,-0.01200,0.0,0.02086,0.04171,0.06140,0.08188
-0.03944,-0.03862,-0.03785,-0.03590,-0.03390,-0.03085,-0.02645,-0.01711,0.0,0.02125,0.05175,0.08851,0.13535
0.05070,0.04900,0.04675,0.04400,0.04050,0.03485,0.02700,0.01560,0.0,-0.02150,-0.05040,-0.08500,-0.12550
20.000,40.000
-0.07700,-0.07200,-0.06600,-0.06100,-0.05500,-0.04200,-0.02800,-0.01400,0.0,0.02000,0.04000,0.05900,0.07900
-0.05400,-0.05310,-0.05220,-0.04930,-0.04640,-0.04200,-0.03500,-0.02150,0.0,0.02700,0.06300,0.10500,0.15860
0.06520,0.06250,0.05950,0.05570,0.05040,0.04250,0.03200,0.01800,0.0,-0.02370,-0.05550,-0.09750,-0.14000
20.000,45.000
-0.08675,-0.08075,-0.07450,-0.06850,-0.06175,-0.04687,-0.03125,-0.01562,0.0,0.01775,0.03550,0.05000,0.06362
-0.06927,-0.06784,-0.06636,-0.06233,-0.05830,-0.05210,-0.04272,-0.02581,0.0,0.03181,0.07324,0.12325,0.18912
0.07820,0.07550,0.07250,0.06730,0.06130,0.05200,0.03940,0.02210,0.0,-0.02750,-0.06100,-0.10950,-0.16750
20.000,50.000
-0.09500,-0.08800,-0.08200,-0.07500,-0.06800,-0.05100,-0.03400,-0.01700,0.0,0.01400,0.02800,0.03500,0.03800
-0.08550,-0.08300,-0.08040,-0.07510,-0.06980,-0.06150,-0.04990,-0.03000,0.0,0.03600,0.08280,0.14300,0.22450
0.09020,0.08750,0.08340,0.07730,0.06900,0.05780,0.04330,0.02400,0.0,-0.03150,-0.07000,-0.12100,-0.18850