-30.000,-25.000,-20.000,-15.000,-10.000,-5.000,0.0,5.000,10.000,15.000
0.0,-10.000
0.0,0.0,0.0,0.0,0.0,0.0,0.0,0.0,0.0,0.0
0.0,0.0,0.0,0.0,0.0,0.0,0.0,0.0,0.0,0.0
0.0,0.0,0.0,0.0,0.0,0.0,0.0,0.0,0.0,0.0
0.0,-5.000
0.0,0.0,0.0,0.0,0.0,0.0,0.0,0.0,0.0,0.0
0.0,0.0,0.0,0.0,0.0,0.0,0.0,0.0,0.0,0.0
0.0,0.0,0.0,0.0,0.0,0.0,0.0,0.0,0.0,0.0
0.0,0.0
0.0,0.0,0.0,0.0,0.0,0.0,0.0,0.0,0.0,0.0
0.0,0.0,0.0,0.0,0.0,0.0,0.0,0.0,0.0,0.0
0.0,0.0,0.0,0.0,0.0,0.0,0.0,0.0,0.0,0.0
0.0,5.000
0.0,0.0,0.0,0.0,0.0,0.0,0.0,0.0,0.0,0.0
0.0,0.0,0.0,0.0,0.0,0.0,0.0,0.0,0.0,0.0
0.0,0.0,0.0,0.0,0.0,0.0,0.0,0.0,0.0,0.0
0.0,10.000
0.0,0.0,0.0,0.0,0.0,0.0,0.0,0.0,0.0,0.0
0.0,0.0,0.0,0.0,0.0,0.0,0.0,0.0,0.0,0.0
0.0,0.0,0.0,0.0,0.0,0.0,0.0,0.0,0.0,0.0
0.0,15.000
0.0,0.0,0.0,0.0,0.0,0.0,0.0,0.0,0.0,0.0
0.0,0.0,0.0,0.0,0.0,0.0,0.0,0.0,0.0,0.0
0.0,0.0,0.0,0.0,0.0,0.0,0.0,0.0,0.0,0.0
0.0,20.000
0.0,0.0,0.0,0.0,0.0,0.0,0.0,0.0,0.0,0.0
0.0,0.0,0.0,0.0,0.0,0.0,0.0,0.0,0.0,0.0
0.0,0.0,0.0,0.0,0.0,0.0,0.0,0.0,0.0,0.0
0.0,25.000
0.0,0.0,0.0,0.0,0.0,0.0,0.0,0.0,0.0,0.0
0.0,0.0,0.0,0.0,0.0,0.0,0.0,0.0,0.0,0.0
0.0,0.0,0.0,0.0,0.0,0.0,0.0,0.0,0.0,0.0
0.250,-10.000
-0.00040,-0.00040,-0.00050,-0.00060,-0.00070,-0.00060,0.0,-0.00110,-0.00290,-0.00630
-0.00038,-0.00034,-0.00030,-0.00025,-0.00018,-0.00011,0.0,0.00016,0.00031,0.00045
0.00017,0.00002,0.00008,0.00033,0.00037,0.00026,0.0,-0.00026,-0.00040,-0.00049
0.250,-5.000
0.0,0.0,-0.00010,-0.00020,-0.00030,-0.00030,0.0,-0.00095,-0.00255,-0.00545
-0.00038,-0.00034,-0.00030,-0.00025,-0.00018,-0.00011,0.0,0.00016,0.00031,0.00045
-0.00016,-0.00018,-0.00006,0.00020,0.00031,0.00022,0.0,-0.00023,-0.00035,-0.00042
0.250,0.0
0.00040,0.00040,0.00030,0.00020,0.00010,0.0,0.0,-0.00080,-0.00220,-0.00460
-0.00038,-0.00034,-0.00030,-0.00025,-0.00018,-0.00011,0.0,0.00016,0.00031,0.00045
-0.00049,-0.00038,-0.00020,0.00007,0.00025,0.00018,0.0,-0.00020,-0.00030,-0.00035
0.250,5.000
0.00096,0.00096,0.00085,0.00074,0.00065,0.00041,0.0,-0.00060,-0.00172,-0.00344
-0.00038,-0.00034,-0.00030,-0.00025,-0.00018,-0.00011,0.0,0.00016,0.00031,0.00045
-0.00082,-0.00058,-0.00034,-0.00006,0.00019,0.00014,0.0,-0.00017,-0.00025,-0.00028
0.250,10.000
0.00120,0.00120,0.00110,0.00100,0.00090,0.00060,0.0,-0.00050,-0.00150,-0.00290
-0.00083,-0.00070,-0.00055,-0.00041,-0.00026,-0.00012,0.0,0.00016,0.00031,0.00045
-0.00082,-0.00058,-0.00034,-0.00006,0.00015,0.00013,0.0,-0.00014,-0.00019,-0.00022
0.250,15.000
0.00111,0.00111,0.00105,0.00099,0.00085,0.00056,0.0,-0.00050,-0.00152,-0.00299
-0.00069,-0.00058,-0.00047,-0.00034,-0.00023,-0.00012,0.0,0.00016,0.00031,0.00045
-0.00056,-0.00046,-0.00034,-0.00012,0.00009,0.00009,0.0,-0.00010,-0.00015,-0.00016
0.250,20.000
0.00070,0.00070,0.00070,0.00070,0.00050,0.00030,0.0,-0.00060,-0.00180,-0.00370
-0.00060,-0.00050,-0.00039,-0.00029,-0.00018,-0.00011,0.0,0.00016,0.00031,0.00045
-0.00056,-0.00046,-0.00034,-0.00012,0.00003,0.00004,0.0,-0.00005,-0.00010,-0.00011
0.250,25.000
0.00045,0.00045,0.00050,0.00055,0.00030,0.00015,0.0,-0.00065,-0.00195,-0.00410
-0.00060,-0.00050,-0.00039,-0.00029,-0.00018,-0.00011,0.0,0.00016,0.00031,0.00045
-0.00056,-0.00046,-0.00034,-0.00012,0.00003,0.00004,0.0,-0.00005,-0.00010,-0.00011
0.400,-10.000
-0.00040,-0.00040,-0.00050,-0.00060,-0.00070,-0.00060,0.0,-0.00110,-0.00290,-0.00630
-0.00038,-0.00034,-0.00030,-0.00025,-0.00018,-0.00011,0.0,0.00016,0.00031,0.00045
0.00017,0.00002,0.00008,0.00033,0.00037,0.00026,0.0,-0.00026,-0.00040,-0.00049
0.400,-5.000
0.0,0.0,-0.00010,-0.00020,-0.00030,-0.00030,0.0,-0.00095,-0.00255,-0.00545
-0.00038,-0.00034,-0.00030,-0.00025,-0.00018,-0.00011,0.0,0.00016,0.00031,0.00045
-0.00016,-0.00018,-0.00006,0.00020,0.00031,0.00022,0.0,-0.00023,-0.00035,-0.00042
0.400,0.0
0.00040,0.00040,0.00030,0.00020,0.00010,0.0,0.0,-0.00080,-0.00220,-0.00460
-0.00038,-0.00034,-0.00030,-0.00025,-0.00018,-0.00011,0.0,0.00016,0.00031,0.00045
-0.00049,-0.00038,-0.00020,0.00007,0.00025,0.00018,0.0,-0.00020,-0.00030,-0.00035
0.400,5.000
0.00096,0.00096,0.00085,0.00074,0.00065,0.00041,0.0,-0.00060,-0.00172,-0.00344
-0.00038,-0.00034,-0.00030,-0.00025,-0.00018,-0.00011,0.0,0.00016,0.00031,0.00045
-0.00082,-0.00058,-0.00034,-0.00006,0.00019,0.00014,0.0,-0.00017,-0.00025,-0.00028
0.400,10.000
0.00120,0.00120,0.00110,0.00100,0.00090,0.00060,0.0,-0.00050,-0.00150,-0.00290
-0.00083,-0.00070,-0.00055,-0.00041,-0.00026,-0.00012,0.0,0.00016,0.00031,0.00045
-0.00082,-0.00058,-0.00034,-0.00006,0.00015,0.00013,0.0,-0.00014,-0.00019,-0.00022
0.400,15.000
0.00111,0.00111,0.00105,0.00099,0.00085,0.00056,0.0,-0.00050,-0.00152,-0.00299
-0.00069,-0.00058,-0.00047,-0.00034,-0.00023,-0.00012,0.0,0.00016,0.00031,0.00045
-0.00056,-0.00046,-0.00034,-0.00012,0.00009,0.00009,0.0,-0.00010,-0.00015,-0.00016
0.400,20.000
0.00070,0.00070,0.00070,0.00070,0.00050,0.00030,0.0,-0.00060,-0.00180,-0.00370
-0.00060,-0.00050,-0.00039,-0.00029,-0.00018,-0.00011,0.0,0.00016,0.00031,0.00045
-0.00056,-0.00046,-0.00034,-0.00012,0.00003,0.00004,0.0,-0.00005,-0.00010,-0.00011
0.400,25.000
0.00045,0.00045,0.00050,0.00055,0.00030,0.00015,0.0,-0.00065,-0.00195,-0.00410
-0.00060,-0.00050,-0.00039,-0.00029,-0.00018,-0.00011,0.0,0.00016,0.00031,0.00045
-0.00056,-0.00046,-0.00034,-0.00012,0.00003,0.00004,0.0,-0.00005,-0.00010,-0.00011
0.600,-10.000
-0.00120,-0.00230,-0.00260,-0.00190,-0.00150,-0.00060,0.0,-0.00040,-0.00080,-0.00020
-0.00100,-0.00080,-0.00060,-0.00044,-0.00027,-0.00012,0.0,0.00014,0.00027,0.00024
0.00095,0.00056,0.00058,0.00040,0.00033,0.00019,0.0,-0.00026,-0.00038,-0.00045
0.600,-5.000
0.00080,-0.00040,-0.00090,-0.00070,-0.00050,-0.00020,0.0,-0.00040,-0.00080,-0.00020
-0.00100,-0.00080,-0.00060,-0.00044,-0.00027,-0.00012,0.0,0.00014,0.00027,0.00024
0.00095,0.00063,0.00058,0.00040,0.00029,0.00018,0.0,-0.00023,-0.00034,-0.00040
0.600,0.0
0.00280,0.00150,0.00080,0.00050,0.00030,0.00020,0.0,-0.00040,-0.00080,-0.00020
-0.00100,-0.00080,-0.00060,-0.00044,-0.00027,-0.00012,0.0,0.00014,0.00027,0.00024
0.00095,0.00070,0.00058,0.00040,0.00025,0.00017,0.0,-0.00020,-0.00030,-0.00035
0.600,5.000
0.00480,0.00340,0.00250,0.00170,0.00100,0.00060,0.0,-0.00040,-0.00080,-0.00020
-0.00100,-0.00080,-0.00060,-0.00044,-0.00027,-0.00012,0.0,0.00014,0.00027,0.00024
0.00095,0.00077,0.00058,0.00040,0.00021,0.00016,0.0,-0.00017,-0.00025,-0.00030
0.600,10.000
0.00360,0.00220,0.00140,0.00100,0.00080,0.00040,0.0,-0.00040,-0.00080,-0.00020
-0.00083,-0.00069,-0.00054,-0.00041,-0.00027,-0.00012,0.0,0.00014,0.00027,0.00024
0.00095,0.00077,0.00058,0.00040,0.00015,0.00013,0.0,-0.00013,-0.00019,-0.00022
0.600,15.000
0.00225,0.00150,0.00110,0.00090,0.00065,0.00035,0.0,-0.00060,-0.00125,-0.00200
-0.00083,-0.00069,-0.00054,-0.00041,-0.00027,-0.00012,0.0,0.00011,0.00022,0.00032
-0.00056,-0.00054,-0.00051,-0.00045,-0.00034,-0.00011,0.0,0.00011,0.00033,0.00066
0.600,20.000
0.00090,0.00080,0.00080,0.00080,0.00060,0.00030,0.0,-0.00080,-0.00170,-0.00370
-0.00059,-0.00051,-0.00040,-0.00029,-0.00018,-0.00008,0.0,0.00011,0.00022,0.00032
-0.00056,-0.00049,-0.00035,-0.00013,0.00005,0.00005,0.0,-0.00008,-0.00009,-0.00008
0.600,25.000
-0.00045,0.00010,0.00050,0.00070,0.00055,0.00025,0.0,-0.00100,-0.00215,-0.00540
-0.00059,-0.00051,-0.00040,-0.00029,-0.00018,-0.00008,0.0,0.00011,0.00022,0.00032
-0.00056,-0.00049,-0.00035,-0.00013,0.00005,0.00005,0.0,-0.00008,-0.00009,-0.00008
0.800,-10.000
-0.00210,-0.00190,-0.00140,-0.00120,-0.00050,-0.00020,0.0,-0.00040,-0.00060,0.0
-0.00140,-0.00108,-0.00077,-0.00055,-0.00045,-0.00015,0.0,0.00014,0.00027,0.00024
0.00055,0.00035,0.00018,0.00005,-0.00004,0.0,0.0,-0.00025,-0.00050,-0.00144
0.800,-5.000
0.00020,0.0,0.0,-0.00020,0.0,0.0,0.0,-0.00040,-0.00060,0.0
-0.00140,-0.00108,-0.00077,-0.00055,-0.00045,-0.00015,0.0,0.00014,0.00027,0.00024
0.00055,0.00035,0.00018,0.00005,-0.00004,0.0,0.0,-0.00025,-0.00050,-0.00144
0.800,0.0
0.00250,0.00190,0.00140,0.00080,0.00050,0.00020,0.0,-0.00040,-0.00060,0.0
-0.00140,-0.00108,-0.00077,-0.00055,-0.00045,-0.00015,0.0,0.00014,0.00027,0.00024
0.00055,0.00035,0.00018,0.00005,-0.00004,0.0,0.0,-0.00025,-0.00050,-0.00144
0.800,5.000
0.00480,0.00380,0.00280,0.00180,0.00080,0.00040,0.0,-0.00040,-0.00060,0.0
-0.00140,-0.00108,-0.00077,-0.00055,-0.00045,-0.00015,0.0,0.00014,0.00027,0.00024
0.00055,0.00035,0.00018,0.00005,-0.00016,-0.00008,0.0,-0.00017,-0.00035,-0.00048
0.800,10.000
0.00350,0.00270,0.00190,0.00130,0.00080,0.00030,0.0,-0.00040,-0.00060,0.0
-0.00140,-0.00108,-0.00077,-0.00055,-0.00030,-0.00010,0.0,0.00014,0.00027,0.00024
0.00055,0.00035,0.00018,0.00005,-0.00018,-0.00009,0.0,-0.00010,-0.00020,-0.00011
0.800,15.000
0.00080,0.00045,0.00020,0.00005,0.0,0.0,0.0,-0.00015,-0.00025,0.00005
-0.00030,-0.00028,-0.00025,-0.00015,-0.00008,-0.00004,0.0,-0.00003,-0.00011,-0.00021
-0.00057,-0.00049,-0.00044,-0.00037,-0.00025,-0.00010,0.0,0.00007,0.00022,0.00038
0.800,20.000
-0.00190,-0.00180,-0.00150,-0.00120,-0.00080,-0.00030,0.0,0.00010,0.00010,0.00010
-0.00060,-0.00054,-0.00044,-0.00033,-0.00018,-0.00006,0.0,-0.00003,-0.00005,-0.00010
0.00010,0.00013,0.00015,0.00015,0.00014,0.00005,0.0,-0.00005,-0.00009,-0.00011
0.800,25.000
-0.00460,-0.00405,-0.00320,-0.00245,-0.00160,-0.00060,0.0,0.00035,0.00045,0.00015
-0.00060,-0.00054,-0.00044,-0.00033,-0.00018,-0.00006,0.0,-0.00003,-0.00005,-0.00010
0.00010,0.00013,0.00015,0.00015,0.00014,0.00005,0.0,-0.00005,-0.00009,-0.00011
0.900,-10.000
0.00860,0.00810,0.00750,0.00580,0.00330,0.00080,0.0,0.00250,0.00530,0.00820
-0.00180,-0.00155,-0.00130,-0.00115,-0.00100,-0.00045,0.0,-0.00018,-0.00063,-0.00075
0.00040,0.00008,-0.00023,-0.00050,-0.00030,-0.00015,0.0,-0.00065,-0.00095,-0.00142
0.900,-5.000
0.00760,0.00720,0.00650,0.00490,0.00150,0.00060,0.0,0.00170,0.00370,0.00580
-0.00180,-0.00155,-0.00130,-0.00115,-0.00100,-0.00045,0.0,-0.00018,-0.00063,-0.00075
0.00040,0.00008,-0.00023,-0.00050,-0.00030,-0.00015,0.0,-0.00065,-0.00095,-0.00142
0.900,0.0
0.00660,0.00630,0.00550,0.00400,0.00120,0.00060,0.0,0.00100,0.00160,0.00340
-0.00180,-0.00155,-0.00130,-0.00115,-0.00100,-0.00045,0.0,-0.00018,-0.00063,-0.00075
0.00040,0.00008,-0.00023,-0.00050,-0.00030,-0.00015,0.0,-0.00065,-0.00095,-0.00142
0.900,5.000
0.00560,0.00540,0.00450,0.00310,0.00150,0.00040,0.0,0.00080,0.00060,0.00080
-0.00180,-0.00155,-0.00130,-0.00110,-0.00090,-0.00025,0.0,-0.00012,-0.00025,-0.00075
0.0,-0.00030,-0.00058,-0.00085,-0.00060,-0.00025,0.0,-0.00022,-0.00045,-0.00067
0.900,10.000
0.00450,0.00430,0.00340,0.00210,0.00070,0.00030,0.0,0.00060,0.00160,0.00160
-0.00150,-0.00130,-0.00110,-0.00070,-0.00030,-0.00010,0.0,-0.00012,-0.00025,-0.00075
0.00077,0.00045,0.00015,-0.00015,-0.00040,-0.00040,0.0,-0.00020,-0.00040,-0.00060
0.900,15.000
0.00120,0.00120,0.00085,0.00030,-0.00005,-0.00030,0.0,0.00025,0.00065,0.00095
0.00051,0.00051,0.00049,0.00044,0.00031,0.00015,0.0,-0.00015,-0.00045,-0.00061
-0.00044,-0.00041,-0.00033,-0.00023,-0.00012,-0.00002,0.0,0.0,0.0,0.0
0.900,20.000
-0.00220,-0.00200,-0.00170,-0.00150,-0.00100,-0.00060,0.0,0.00040,0.00080,0.00090
0.00053,0.00051,0.00049,0.00044,0.00031,0.00015,0.0,-0.00015,-0.00029,-0.00043
0.0,0.00008,0.00013,0.00016,0.00013,0.00003,0.0,-0.00012,-0.00024,-0.00039
0.900,25.000
-0.00560,-0.00520,-0.00425,-0.00330,-0.00195,-0.00090,0.0,0.00055,0.00095,0.00085
0.00053,0.00051,0.00049,0.00044,0.00031,0.00015,0.0,-0.00015,-0.00029,-0.00043
0.0,0.00008,0.00013,0.00016,0.00013,0.00003,0.0,-0.00012,-0.00024,-0.00039
0.950,-10.000
0.01040,0.00880,0.00650,0.00440,-0.00180,-0.00340,0.0,0.00140,0.00120,0.00380
-0.00270,-0.00220,-0.00160,-0.00108,0.00010,0.00100,0.0,-0.00050,-0.00063,-0.00120
-0.00023,-0.00016,0.0,0.00053,0.00050,0.0,0.0,-0.00020,-0.00040,-0.00060
0.950,-5.000
0.00930,0.00770,0.00560,0.00350,-0.00160,-0.00320,0.0,0.00140,0.00120,0.00380
-0.00270,-0.00220,-0.00160,-0.00108,0.0,0.00090,0.0,-0.00050,-0.00063,-0.00120
-0.00023,-0.00016,0.0,0.00053,0.00050,0.0,0.0,-0.00020,-0.00040,-0.00060
0.950,0.0
0.00820,0.00660,0.00470,0.00280,-0.00140,-0.00300,0.0,0.00140,0.00120,0.00380
-0.00270,-0.00220,-0.00160,-0.00108,-0.00010,0.00080,0.0,-0.00050,-0.00063,-0.00120
-0.00023,-0.00016,0.0,0.00053,0.00050,0.0,0.0,-0.00020,-0.00040,-0.00060
0.950,5.000
0.00710,0.00550,0.00380,0.00200,-0.00080,-0.00260,0.0,0.00120,0.00200,0.00380
-0.00270,-0.00220,-0.00160,-0.00108,0.0,0.00045,0.0,-0.00075,-0.00085,-0.00140
-0.00085,-0.00080,-0.00073,-0.00062,-0.00031,0.0,0.0,-0.00001,-0.00002,-0.00003
0.950,10.000
0.00620,0.00470,0.00300,0.00130,-0.00070,-0.00120,0.0,0.00030,0.00180,0.00380
-0.00270,-0.00220,-0.00160,-0.00108,0.00015,0.00015,0.0,0.0,0.0,-0.00100
-0.00085,-0.00080,-0.00073,-0.00061,-0.00050,-0.00050,0.0,-0.00010,-0.00070,-0.00105
0.950,15.000
0.00230,0.00160,0.00075,-0.00005,-0.00075,-0.00090,0.0,0.00130,0.00220,0.00240
0.00100,0.00099,0.00095,0.00082,0.00064,0.00029,0.0,-0.00025,-0.00042,-0.00045
-0.00040,-0.00034,-0.00021,0.00005,0.00016,0.00005,0.0,-0.00004,-0.00021,-0.00046
0.950,20.000
-0.00150,-0.00150,-0.00150,-0.00140,-0.00120,-0.00080,0.0,0.00130,0.00220,0.00240
0.0,0.0,0.0,0.0,0.0,0.0,0.0,0.00020,0.00065,0.00147
-0.00023,-0.00016,0.0,0.00053,0.00069,0.00025,0.0,0.0,0.0,0.0
0.950,25.000
-0.00530,-0.00460,-0.00375,-0.00275,-0.00165,-0.00070,0.0,0.00130,0.00220,0.00240
0.0,0.0,0.0,0.0,0.0,0.0,0.0,0.00020,0.00065,0.00147
-0.00023,-0.00016,0.0,0.00053,0.00069,0.00025,0.0,0.0,0.0,0.0
0.980,-10.000
0.00670,0.00510,0.00350,0.00120,-0.00500,-0.00500,0.0,0.00060,0.00100,0.00380
-0.00260,-0.00212,-0.00155,-0.00098,0.00080,0.00160,0.0,-0.00045,-0.00050,-0.00090
-0.00023,-0.00016,0.0,0.00033,0.00042,0.0,0.0,0.00015,0.00030,0.00045
0.980,-5.000
0.00670,0.00510,0.00350,0.00120,-0.00410,-0.00500,0.0,0.00060,0.00100,0.00380
-0.00260,-0.00212,-0.00155,-0.00098,0.00080,0.00160,0.0,-0.00045,-0.00050,-0.00090
-0.00023,-0.00016,0.0,0.00033,0.00042,0.0,0.0,0.00015,0.00030,0.00045
0.980,0.0
0.00670,0.00510,0.00350,0.00120,-0.00320,-0.00420,0.0,0.00060,0.00100,0.00380
-0.00260,-0.00212,-0.00155,-0.00098,0.00070,0.00150,0.0,-0.00045,-0.00050,-0.00090
-0.00023,-0.00016,0.0,0.00033,0.00042,0.0,0.0,0.00015,0.00030,0.00045
0.980,5.000
0.00670,0.00510,0.00350,0.00120,-0.00290,-0.00330,0.0,0.00070,0.00130,0.00380
-0.00260,-0.00212,-0.00155,-0.00098,0.00055,0.00150,0.0,-0.00030,-0.00050,-0.00090
-0.00065,-0.00065,-0.00065,-0.00049,-0.00020,-0.00009,0.0,0.00018,0.00019,0.00030
0.980,10.000
0.00670,0.00510,0.00350,0.00120,-0.00200,-0.00200,0.0,0.00020,0.00170,0.00380
-0.00260,-0.00212,-0.00155,-0.00098,-0.00035,0.00126,0.0,-0.00044,-0.00050,-0.00120
-0.00087,-0.00082,-0.00071,-0.00037,-0.00025,-0.00025,0.0,-0.00010,-0.00020,-0.00030
0.980,15.000
0.00260,0.00180,0.00110,0.0,-0.00115,-0.00065,0.0,0.00120,0.00200,0.00250
0.00106,0.00097,0.00085,0.00072,0.00054,0.00025,0.0,-0.00021,-0.00035,-0.00045
-0.00043,-0.00033,-0.00023,-0.00009,0.0,0.0,0.0,0.0,0.0,0.0
0.980,20.000
-0.00150,-0.00140,-0.00130,-0.00110,-0.00090,-0.00050,0.0,0.00120,0.00200,0.00250
0.0,0.0,0.0,0.0,0.0,0.0,0.0,0.00016,0.00054,0.00120
0.0,0.0,0.0,0.0,0.0,0.0,0.0,0.0,0.0,0.0
0.980,25.000
-0.00560,-0.00460,-0.00370,-0.00220,-0.00065,-0.00035,0.0,0.00120,0.00200,0.00250
0.0,0.0,0.0,0.0,0.0,0.0,0.0,0.00016,0.00054,0.00120
0.0,0.0,0.0,0.0,0.0,0.0,0.0,0.0,0.0,0.0
1.050,-10.000
0.00470,0.00320,0.00170,-0.00050,-0.00390,-0.00400,0.0,0.00030,0.00090,0.00100
-0.00200,-0.00157,-0.00115,-0.00040,0.00200,0.00077,0.0,-0.00036,-0.00040,-0.00074
-0.00045,-0.00041,-0.00037,-0.00021,0.00018,-0.00012,0.0,0.00025,0.00052,0.00078
1.050,-5.000
0.00470,0.00320,0.00170,-0.00050,-0.00380,-0.00360,0.0,0.00030,0.00090,0.00100
-0.00200,-0.00157,-0.00115,-0.00040,0.00180,0.00075,0.0,-0.00036,-0.00040,-0.00074
-0.00045,-0.00041,-0.00037,-0.00021,0.00018,-0.00012,0.0,0.00021,0.00045,0.00067
1.050,0.0
0.00470,0.00320,0.00170,-0.00050,-0.00370,-0.00300,0.0,0.00030,0.00090,0.00100
-0.00200,-0.00157,-0.00115,-0.00040,0.00160,0.00075,0.0,-0.00036,-0.00040,-0.00074
-0.00045,-0.00041,-0.00037,-0.00021,0.00018,-0.00012,0.0,0.00022,0.00045,0.00067
1.050,5.000
0.00470,0.00320,0.00170,-0.00050,-0.00450,-0.00160,0.0,0.00040,0.00070,0.00180
-0.00200,-0.00157,-0.00115,-0.00040,0.00140,0.00080,0.0,-0.00022,-0.00035,-0.00074
-0.00045,-0.00041,-0.00037,-0.00021,-0.00025,0.0,0.0,0.00011,0.00007,0.00010
1.050,10.000
0.00470,0.00320,0.00170,-0.00050,-0.00320,-0.00150,0.0,0.0,0.00140,0.00240
-0.00200,-0.00157,-0.00115,-0.00040,0.00140,0.00075,0.0,-0.00031,-0.00075,-0.00120
-0.00045,-0.00041,-0.00037,-0.00027,-0.00070,-0.00035,0.0,0.0,-0.00025,-0.00037
1.050,15.000
0.00150,0.00080,0.00015,-0.00090,-0.00220,-0.00150,0.0,0.00120,0.00190,0.00205
0.00067,0.00064,0.00059,0.00051,0.00039,0.00018,0.0,-0.00017,-0.00031,-0.00042
-0.00106,-0.00096,-0.00083,-0.00062,-0.00041,-0.00019,0.0,0.00011,0.00021,0.00026
1.050,20.000
-0.00160,-0.00160,-0.00140,-0.00130,-0.00120,-0.00100,0.0,0.00120,0.00190,0.00205
0.00002,0.00020,0.00026,0.00020,0.00013,0.00004,0.0,0.00004,0.00015,0.00033
-0.00025,-0.00022,-0.00016,-0.00004,0.0,0.0,0.0,0.0,0.0,0.0
1.050,25.000
-0.00470,-0.00400,-0.00295,-0.00170,-0.00020,-0.00050,0.0,0.00120,0.00190,0.00205
0.00002,0.00020,0.00026,0.00020,0.00013,0.00004,0.0,0.00004,0.00015,0.00033
-0.00025,-0.00022,-0.00015,-0.00004,0.0,0.0,0.0,0.0,0.0,0.0
1.100,-10.000
0.00280,0.00180,0.00040,-0.00150,-0.00340,-0.00250,0.0,0.00020,0.00110,0.00120
-0.00130,-0.00115,-0.00075,0.0,0.00155,0.00050,0.0,-0.00031,-0.00025,-0.00058
-0.00039,-0.00035,-0.00025,-0.00005,0.00006,-0.00020,0.0,0.00010,0.00035,0.00052
1.100,-5.000
0.00280,0.00180,0.00040,-0.00150,-0.00320,-0.00230,0.0,0.00020,0.00110,0.00120
-0.00130,-0.00115,-0.00075,0.0,0.00155,0.00050,0.0,-0.00031,-0.00025,-0.00058
-0.00039,-0.00035,-0.00025,-0.00005,0.00006,-0.00020,0.0,0.00010,0.00035,0.00052
1.100,0.0
0.00280,0.00180,0.00040,-0.00150,-0.00320,-0.00200,0.0,0.00020,0.00100,0.00120
-0.00130,-0.00115,-0.00075,0.0,0.00155,0.00050,0.0,-0.00031,-0.00025,-0.00058
-0.00039,-0.00035,-0.00025,-0.00005,0.00006,-0.00020,0.0,0.00010,0.00035,0.00052
1.100,5.000
0.00280,0.00180,0.00040,-0.00150,-0.00360,-0.00140,0.0,0.00030,0.00060,0.00120
-0.00130,-0.00115,-0.00075,0.0,0.00130,0.00050,0.0,-0.00014,-0.00028,-0.00033
-0.00039,-0.00035,-0.00025,-0.00005,-0.00020,0.00007,0.0,0.0,0.0,0.00007
1.100,10.000
0.00280,0.00180,0.00040,-0.00150,-0.00310,-0.00120,0.0,0.0,0.00120,0.00180
-0.00130,-0.00115,-0.00075,0.0,0.00138,0.00072,0.0,0.00008,-0.00020,-0.00082
-0.00039,-0.00035,-0.00025,-0.00005,-0.00041,-0.00020,0.0,0.0,-0.00025,-0.00037
1.100,15.000
0.00080,0.00040,-0.00030,-0.00120,-0.00200,-0.00120,0.0,0.00085,0.00130,0.00150
0.00065,0.00057,0.00050,0.00040,0.00030,0.00019,0.0,-0.00021,-0.00030,-0.00033
-0.00116,-0.00109,-0.00098,-0.00070,-0.00041,-0.00013,0.0,0.00010,0.00024,0.00045
1.100,20.000
-0.00110,-0.00110,-0.00110,-0.00100,-0.00090,-0.00060,0.0,0.00070,0.00110,0.00120
0.0,0.00014,0.00024,0.00026,0.00020,0.00008,0.0,0.0,0.00009,0.00017
-0.00037,-0.00034,-0.00026,-0.00011,0.0,0.0,0.0,0.0,0.0,0.0
1.100,25.000
-0.00300,-0.00250,-0.00190,-0.00080,0.00020,0.0,0.0,0.00055,0.00090,0.00090
0.0,0.00014,0.00024,0.00026,0.00020,0.00008,0.0,0.0,0.00009,0.00017
-0.00037,-0.00034,-0.00026,-0.00011,0.0,0.0,0.0,0.0,0.0,0.0
1.200,-10.000
-0.00090,-0.00090,-0.00090,-0.00100,-0.00080,-0.00040,0.0,-0.00010,0.0,-0.00020
0.00125,0.00124,0.00120,0.00115,0.00099,0.00025,0.0,-0.00015,-0.00020,-0.00032
-0.00030,-0.00029,-0.00028,-0.00023,-0.00006,-0.00015,0.0,0.00008,0.00016,0.00028
1.200,-5.000
-0.00180,-0.00170,-0.00160,-0.00150,-0.00110,-0.00055,0.0,0.00010,0.00025,0.00015
0.00125,0.00124,0.00120,0.00115,0.00099,0.00025,0.0,-0.00015,-0.00020,-0.00032
-0.00030,-0.00029,-0.00028,-0.00023,-0.00006,-0.00015,0.0,0.00008,0.00016,0.00028
1.200,0.0
-0.00270,-0.00250,-0.00230,-0.00200,-0.00210,-0.00080,0.0,0.0,0.00050,0.00050
0.00125,0.00124,0.00120,0.00115,0.00099,0.00025,0.0,-0.00015,-0.00020,-0.00032
-0.00030,-0.00029,-0.00028,-0.00023,-0.00006,-0.00015,0.0,0.00008,0.00016,0.00028
1.200,5.000
-0.00360,-0.00330,-0.00300,-0.00250,-0.00170,-0.00085,0.0,0.00020,0.00050,0.00085
0.00125,0.00124,0.00120,0.00115,0.00082,0.00025,0.0,-0.00009,-0.00015,-0.00012
-0.00030,-0.00016,0.0,0.00017,0.00015,0.0,0.0,0.0,0.00010,0.00015
1.200,10.000
-0.00450,-0.00420,-0.00360,-0.00300,-0.00180,-0.00080,0.0,0.0,0.00100,0.00120
0.00125,0.00124,0.00110,0.00095,0.00068,0.00050,0.0,0.00026,0.0,-0.00030
-0.00030,-0.00024,-0.00016,-0.00011,0.00008,0.0,0.0,0.0,-0.00025,-0.00037
1.200,15.000
-0.00290,-0.00270,-0.00230,-0.00200,-0.00135,-0.00075,0.0,0.00070,0.00100,0.00120
0.00065,0.00061,0.00051,0.00035,0.00022,0.00013,0.0,-0.00022,-0.00044,-0.00065
-0.00115,-0.00106,-0.00097,-0.00068,-0.00016,-0.00009,0.0,0.00010,0.00027,0.00047
1.200,20.000
-0.00120,-0.00120,-0.00110,-0.00090,-0.00070,-0.00050,0.0,0.00070,0.00100,0.00120
0.0,0.00014,0.00024,0.00030,0.00029,0.00016,0.0,0.0,0.0,0.0
-0.00035,-0.00030,-0.00025,-0.00013,-0.00001,0.0,0.0,0.0,0.0,0.0
1.200,25.000
0.00050,0.00030,0.00010,0.00020,-0.00005,-0.00025,0.0,0.00070,0.00100,0.00120
0.0,0.00014,0.00024,0.00030,0.00029,0.00016,0.0,0.0,0.0,0.0
-0.00035,-0.00030,-0.00025,-0.00013,-0.00001,0.0,0.0,0.0,0.0,0.0
1.300,-10.000
-0.00360,-0.00300,-0.00240,-0.00170,-0.00100,-0.00060,0.0,0.00030,0.00040,0.00040
0.00115,0.00115,0.00107,0.00083,0.00059,0.00015,0.0,-0.00005,-0.00012,-0.00045
-0.00086,-0.00055,-0.00027,-0.00011,-0.00016,-0.00008,0.0,0.00006,0.00012,0.00018
1.300,-5.000
-0.00360,-0.00300,-0.00240,-0.00170,-0.00100,-0.00060,0.0,0.00030,0.00040,0.00040
0.00115,0.00115,0.00107,0.00083,0.00059,0.00015,0.0,-0.00005,-0.00012,-0.00034
-0.00086,-0.00055,-0.00027,-0.00011,-0.00016,-0.00008,0.0,0.00006,0.00012,0.00018
1.300,0.0
-0.00360,-0.00300,-0.00240,-0.00170,-0.00100,-0.00030,0.0,0.0,0.00040,0.00040
0.00115,0.00115,0.00107,0.00083,0.00059,0.00015,0.0,-0.00005,-0.00012,-0.00023
-0.00086,-0.00055,-0.00027,-0.00011,-0.00016,-0.00008,0.0,0.00006,0.00012,0.00018
1.300,5.000
-0.00360,-0.00300,-0.00240,-0.00170,-0.00100,-0.00030,0.0,0.0,0.00040,0.00040
0.00115,0.00115,0.00107,0.00083,0.00050,0.00018,0.0,-0.00006,-0.00010,-0.00012
-0.00030,-0.00006,0.00020,0.00035,0.00020,-0.00005,0.0,0.00005,0.00010,0.00015
1.300,10.000
-0.00360,-0.00300,-0.00240,-0.00170,-0.00090,-0.00030,0.0,0.0,0.00040,0.00040
0.00095,0.00094,0.00083,0.00053,0.00028,0.00014,0.0,-0.00009,-0.00025,-0.00039
-0.00060,-0.00032,-0.00006,0.00004,0.00020,0.0,0.0,0.0,-0.00015,-0.00022
1.300,15.000
-0.00230,-0.00200,-0.00160,-0.00120,-0.00080,-0.00018,0.0,0.00045,0.00075,0.00085
0.00030,0.00030,0.00029,0.00024,0.00019,0.00010,0.0,-0.00021,-0.00039,-0.00058
-0.00081,-0.00070,-0.00054,-0.00027,-0.00007,0.0,0.0,0.00005,0.00007,0.00011
1.300,20.000
-0.00100,-0.00100,-0.00090,-0.00070,-0.00060,-0.00030,0.0,0.00060,0.00110,0.00150
0.0,0.00012,0.00023,0.00029,0.00025,0.00010,0.0,-0.00006,-0.00010,-0.00012
0.0,0.0,0.0,0.0,0.0,0.0,0.0,-0.00003,-0.00019,-0.00049
1.300,25.000
0.00030,0.0,-0.00020,-0.00020,-0.00040,-0.00042,0.0,0.00075,0.00145,0.00215
0.0,0.00012,0.00023,0.00029,0.00025,0.00010,0.0,-0.00006,-0.00010,-0.00012
0.0,0.0,0.0,0.0,0.0,0.0,0.0,-0.00003,-0.00019,-0.00049
1.500,-10.000
0.0,0.0,0.0,0.0,0.0,0.0,0.0,0.0,0.0,0.0
0.00076,0.00060,0.00047,0.00032,0.00020,0.00010,0.0,-0.00003,-0.00007,-0.00008
-0.00044,-0.00042,-0.00041,-0.00036,-0.00019,-0.00004,0.0,-0.00010,-0.00053,-0.00089
1.500,-5.000
0.0,0.0,0.0,0.0,0.0,0.0,0.0,0.0,0.0,0.0
0.00076,0.00060,0.00047,0.00032,0.00020,0.00010,0.0,-0.00003,-0.00007,-0.00008
-0.00035,-0.00033,-0.00032,-0.00029,-0.00015,-0.00004,0.0,-0.00005,-0.00032,-0.00055
1.500,0.0
0.0,0.0,0.0,0.0,0.0,0.0,0.0,0.0,0.0,0.0
0.00076,0.00060,0.00047,0.00032,0.00020,0.00010,0.0,-0.00003,-0.00007,-0.00008
-0.00026,-0.00024,-0.00023,-0.00020,-0.00011,-0.00004,0.0,0.0,-0.00011,-0.00021
1.500,5.000
0.0,0.0,0.0,0.0,0.0,0.0,0.0,0.0,0.0,0.0
0.00076,0.00060,0.00047,0.00032,0.00020,0.00010,0.0,-0.00003,-0.00007,-0.00008
-0.00017,-0.00015,-0.00014,-0.00012,-0.00007,-0.00004,0.0,0.00005,0.00010,0.00013
1.500,10.000
0.0,0.0,0.0,0.0,0.0,0.0,0.0,0.0,0.0,0.0
0.00076,0.00060,0.00047,0.00032,0.00020,0.00010,0.0,-0.00007,-0.00013,-0.00013
-0.00030,-0.00029,-0.00027,-0.00023,-0.00016,-0.00004,0.0,0.0,0.0,0.0
1.500,15.000
0.0,0.0,0.0,0.0,0.0,0.0,0.0,0.0,0.0,0.0
0.00026,0.00024,0.00021,0.00017,0.00013,0.00006,0.0,0.0,0.0,0.0
-0.00017,-0.00015,-0.00014,-0.00012,-0.00007,-0.00004,0.0,-0.00003,-0.00017,-0.00034
1.500,20.000
0.0,0.0,0.0,0.0,0.0,0.0,0.0,0.0,0.0,0.0
0.0,0.0,0.00001,0.00002,0.00003,0.00004,0.0,-0.00013,-0.00031,-0.00049
0.0,0.0,0.0,0.0,0.0,0.0,0.0,-0.00015,-0.00047,-0.00101
1.500,25.000
0.0,0.0,0.0,0.0,0.0,0.0,0.0,0.0,0.0,0.0
0.0,0.0,0.00001,0.00002,0.00003,0.00004,0.0,-0.00013,-0.00031,-0.00049
0.0,0.0,0.0,0.0,0.0,0.0,0.0,-0.00015,-0.00047,-0.00101
2.000,-10.000
0.0,0.0,0.0,0.0,0.0,0.0,0.0,0.0,0.0,0.0
0.00019,0.00014,0.00010,0.00001,0.00004,0.00002,0.0,0.0,0.0,0.0
-0.00008,-0.00006,-0.00003,-0.00007,-0.00005,-0.00002,0.0,-0.00010,-0.00013,-0.00020
2.000,-5.000
0.0,0.0,0.0,0.0,0.0,0.0,0.0,0.0,0.0,0.0
0.00019,0.00014,0.00010,0.00007,0.00004,0.00002,0.0,0.0,0.0,0.0
0.00006,0.00005,0.00005,0.00001,0.0,0.0,0.0,-0.00007,-0.00011,-0.00017
2.000,0.0
0.0,0.0,0.0,0.0,0.0,0.0,0.0,0.0,0.0,0.0
0.00019,0.00014,0.00010,0.00007,0.00004,0.00002,0.0,0.0,0.0,0.0
0.00020,0.00016,0.00013,0.00009,0.00005,0.00002,0.0,-0.00004,-0.00009,-0.00014
2.000,5.000
0.0,0.0,0.0,0.0,0.0,0.0,0.0,0.0,0.0,0.0
0.00031,0.00024,0.00017,0.00012,0.00007,0.00003,0.0,0.0,-0.00004,-0.00009
0.00034,0.00027,0.00021,0.00017,0.00010,0.00004,0.0,-0.00001,-0.00007,-0.00011
2.000,10.000
0.0,0.0,0.0,0.0,0.0,0.0,0.0,0.0,0.0,0.0
0.00019,0.00014,0.00010,0.00007,0.00004,0.00002,0.0,0.0,0.0,0.0
0.00034,0.00027,0.00021,0.00017,0.00010,0.00004,0.0,-0.00001,-0.00007,-0.00011
2.000,15.000
0.0,0.0,0.0,0.0,0.0,0.0,0.0,0.0,0.0,0.0
0.00019,0.00014,0.00010,0.00007,0.00004,0.00002,0.0,0.0,0.0,0.0
0.00034,0.00027,0.00021,0.00017,0.00010,0.00004,0.0,-0.00004,-0.00009,-0.00014
2.000,20.000
0.0,0.0,0.0,0.0,0.0,0.0,0.0,0.0,0.0,0.0
0.0,0.0,0.0,0.0,0.0,0.0,0.0,0.0,0.0,0.0
0.00034,0.00027,0.00021,0.00017,0.00010,0.00004,0.0,-0.00008,-0.00018,-0.00031
2.000,25.000
0.0,0.0,0.0,0.0,0.0,0.0,0.0,0.0,0.0,0.0
0.0,0.0,0.0,0.0,0.0,0.0,0.0,0.0,0.0,0.0
0.00034,0.00027,0.00021,0.00017,0.00010,0.00004,0.0,-0.00010,-0.00026,-0.00048
2.000,30.000
0.0,0.0,0.0,0.0,0.0,0.0,0.0,0.0,0.0,0.0
0.0,0.0,0.0,0.0,0.0,0.0,0.0,0.0,0.0,0.0
0.00034,0.00027,0.00021,0.00017,0.00010,0.00004,0.0,-0.00010,-0.00032,-0.00064
3.000,-10.000
0.0,0.0,0.0,0.0,0.0,0.0,0.0,0.0,0.0,0.0
0.0,0.0,0.0,0.0,0.0,0.0,0.0,0.0,0.0,0.0
0.00038,0.00031,0.00025,0.00019,0.00013,0.00006,0.0,-0.00005,-0.00009,-0.00014
3.000,-5.000
0.0,0.0,0.0,0.0,0.0,0.0,0.0,0.0,0.0,0.0
0.0,0.0,0.0,0.0,0.0,0.0,0.0,0.0,0.0,0.0
0.00038,0.00031,0.00025,0.00019,0.00013,0.00006,0.0,-0.00005,-0.00009,-0.00014
3.000,0.0
0.0,0.0,0.0,0.0,0.0,0.0,0.0,0.0,0.0,0.0
0.0,0.0,0.0,0.0,0.0,0.0,0.0,0.0,0.0,0.0
0.00038,0.00031,0.00025,0.00019,0.00013,0.00006,0.0,-0.00005,-0.00009,-0.00014
3.000,5.000
0.0,0.0,0.0,0.0,0.0,0.0,0.0,0.0,0.0,0.0
0.0,0.0,0.0,0.0,0.0,0.0,0.0,0.0,0.0,0.0
0.00039,0.00032,0.00026,0.00020,0.00013,0.00006,0.0,-0.00005,-0.00009,-0.00013
3.000,10.000
0.0,0.0,0.0,0.0,0.0,0.0,0.0,0.0,0.0,0.0
0.0,0.0,0.0,0.0,0.0,0.0,0.0,0.0,0.0,0.0
0.00038,0.00031,0.00025,0.00019,0.00013,0.00006,0.0,-0.00005,-0.00009,-0.00014
3.000,15.000
0.0,0.0,0.0,0.0,0.0,0.0,0.0,0.0,0.0,0.0
0.0,0.0,0.0,0.0,0.0,0.0,0.0,0.0,0.0,0.0
0.00034,0.00028,0.00023,0.00016,0.00011,0.00005,0.0,-0.00005,-0.00010,-0.00016
3.000,20.000
0.0,0.0,0.0,0.0,0.0,0.0,0.0,0.0,0.0,0.0
0.0,0.0,0.0,0.0,0.0,0.0,0.0,0.0,0.0,0.0
0.00031,0.00025,0.00020,0.00013,0.00009,0.00004,0.0,-0.00006,-0.00012,-0.00018
3.000,25.000
0.0,0.0,0.0,0.0,0.0,0.0,0.0,0.0,0.0,0.0
0.0,0.0,0.0,0.0,0.0,0.0,0.0,0.0,0.0,0.0
0.00029,0.00024,0.00019,0.00011,0.00008,0.00003,0.0,-0.00007,-0.00014,-0.00021
3.000,30.000
0.0,0.0,0.0,0.0,0.0,0.0,0.0,0.0,0.0,0.0
0.0,0.0,0.0,0.0,0.0,0.0,0.0,0.0,0.0,0.0
0.00027,0.00023,0.00018,0.00011,0.00008,0.00003,0.0,-0.00008,-0.00016,-0.00025
3.000,35.000
0.0,0.0,0.0,0.0,0.0,0.0,0.0,0.0,0.0,0.0
0.0,0.0,0.0,0.0,0.0,0.0,0.0,0.0,0.0,0.0
0.00026,0.00023,0.00018,0.00011,0.00008,0.00003,0.0,-0.00009,-0.00018,-0.00030
3.000,40.000
0.0,0.0,0.0,0.0,0.0,0.0,0.0,0.0,0.0,0.0
0.0,0.0,0.0,0.0,0.0,0.0,0.0,0.0,0.0,0.0
0.00026,0.00023,0.00019,0.00013,0.00009,0.00004,0.0,-0.00010,-0.00021,-0.00036
3.000,45.000
0.0,0.0,0.0,0.0,0.0,0.0,0.0,0.0,0.0,0.0
0.0,0.0,0.0,0.0,0.0,0.0,0.0,0.0,0.0,0.0
0.00025,0.00022,0.00019,0.00013,0.00009,0.00004,0.0,-0.00011,-0.00023,-0.00040
4.000,-10.000
0.0,0.0,0.0,0.0,0.0,0.0,0.0,0.0,0.0,0.0
0.0,0.0,0.0,0.0,0.0,0.0,0.0,0.0,0.0,0.0
0.00030,0.00024,0.00019,0.00014,0.00010,0.00005,0.0,-0.00007,-0.00011,-0.00016
4.000,-5.000
0.0,0.0,0.0,0.0,0.0,0.0,0.0,0.0,0.0,0.0
0.0,0.0,0.0,0.0,0.0,0.0,0.0,0.0,0.0,0.0
0.00030,0.00024,0.00019,0.00014,0.00010,0.00005,0.0,-0.00007,-0.00011,-0.00016
4.000,0.0
0.0,0.0,0.0,0.0,0.0,0.0,0.0,0.0,0.0,0.0
0.0,0.0,0.0,0.0,0.0,0.0,0.0,0.0,0.0,0.0
0.00030,0.00024,0.00019,0.00014,0.00010,0.00005,0.0,-0.00007,-0.00011,-0.00016
4.000,5.000
0.0,0.0,0.0,0.0,0.0,0.0,0.0,0.0,0.0,0.0
0.0,0.0,0.0,0.0,0.0,0.0,0.0,0.0,0.0,0.0
0.00029,0.00023,0.00018,0.00013,0.00010,0.00005,0.0,-0.00007,-0.00011,-0.00016
4.000,10.000
0.0,0.0,0.0,0.0,0.0,0.0,0.0,0.0,0.0,0.0
0.0,0.0,0.0,0.0,0.0,0.0,0.0,0.0,0.0,0.0
0.00030,0.00024,0.00019,0.00014,0.00010,0.00005,0.0,-0.00007,-0.00011,-0.00016
4.000,15.000
0.0,0.0,0.0,0.0,0.0,0.0,0.0,0.0,0.0,0.0
0.0,0.0,0.0,0.0,0.0,0.0,0.0,0.0,0.0,0.0
0.00033,0.00027,0.00021,0.00016,0.00011,0.00005,0.0,-0.00007,-0.00011,-0.00017
4.000,20.000
0.0,0.0,0.0,0.0,0.0,0.0,0.0,0.0,0.0,0.0
0.0,0.0,0.0,0.0,0.0,0.0,0.0,0.0,0.0,0.0
0.00037,0.00030,0.00024,0.00018,0.00012,0.00006,0.0,-0.00007,-0.00012,-0.00019
4.000,25.000
0.0,0.0,0.0,0.0,0.0,0.0,0.0,0.0,0.0,0.0
0.0,0.0,0.0,0.0,0.0,0.0,0.0,0.0,0.0,0.0
0.00040,0.00032,0.00026,0.00019,0.00013,0.00006,0.0,-0.00007,-0.00013,-0.00020
4.000,30.000
0.0,0.0,0.0,0.0,0.0,0.0,0.0,0.0,0.0,0.0
0.0,0.0,0.0,0.0,0.0,0.0,0.0,0.0,0.0,0.0
0.00042,0.00035,0.00027,0.00021,0.00014,0.00007,0.0,-0.00008,-0.00014,-0.00021
4.000,35.000
0.0,0.0,0.0,0.0,0.0,0.0,0.0,0.0,0.0,0.0
0.0,0.0,0.0,0.0,0.0,0.0,0.0,0.0,0.0,0.0
0.00044,0.00036,0.00028,0.00022,0.00014,0.00007,0.0,-0.00008,-0.00015,-0.00022
4.000,40.000
0.0,0.0,0.0,0.0,0.0,0.0,0.0,0.0,0.0,0.0
0.0,0.0,0.0,0.0,0.0,0.0,0.0,0.0,0.0,0.0
0.00046,0.00038,0.00029,0.00022,0.00015,0.00007,0.0,-0.00009,-0.00016,-0.00023
4.000,45.000
0.0,0.0,0.0,0.0,0.0,0.0,0.0,0.0,0.0,0.0
0.0,0.0,0.0,0.0,0.0,0.0,0.0,0.0,0.0,0.0
0.00048,0.00040,0.00030,0.00023,0.00016,0.00007,0.0,-0.00009,-0.00017,-0.00024
5.000,-10.000
0.0,0.0,0.0,0.0,0.0,0.0,0.0,0.0,0.0,0.0
0.0,0.0,0.0,0.0,0.0,0.0,0.0,0.0,0.0,0.0
0.00030,0.00025,0.00021,0.00014,0.00009,0.00005,0.0,-0.00005,-0.00010,-0.00016
5.000,-5.000
0.0,0.0,0.0,0.0,0.0,0.0,0.0,0.0,0.0,0.0
0.0,0.0,0.0,0.0,0.0,0.0,0.0,0.0,0.0,0.0
0.00030,0.00025,0.00021,0.00014,0.00009,0.00005,0.0,-0.00005,-0.00010,-0.00016
5.000,0.0
0.0,0.0,0.0,0.0,0.0,0.0,0.0,0.0,0.0,0.0
0.0,0.0,0.0,0.0,0.0,0.0,0.0,0.0,0.0,0.0
0.00030,0.00025,0.00021,0.00014,0.00009,0.00005,0.0,-0.00005,-0.00010,-0.00016
5.000,5.000
0.0,0.0,0.0,0.0,0.0,0.0,0.0,0.0,0.0,0.0
0.0,0.0,0.0,0.0,0.0,0.0,0.0,0.0,0.0,0.0
0.00029,0.00024,0.00020,0.00013,0.00009,0.00005,0.0,-0.00005,-0.00010,-0.00016
5.000,10.000
0.0,0.0,0.0,0.0,0.0,0.0,0.0,0.0,0.0,0.0
0.0,0.0,0.0,0.0,0.0,0.0,0.0,0.0,0.0,0.0
0.00030,0.00025,0.00021,0.00014,0.00009,0.00005,0.0,-0.00005,-0.00010,-0.00016
5.000,15.000
0.0,0.0,0.0,0.0,0.0,0.0,0.0,0.0,0.0,0.0
0.0,0.0,0.0,0.0,0.0,0.0,0.0,0.0,0.0,0.0
0.00033,0.00028,0.00023,0.00016,0.00010,0.00005,0.0,-0.00005,-0.00011,-0.00017
5.000,20.000
0.0,0.0,0.0,0.0,0.0,0.0,0.0,0.0,0.0,0.0
0.0,0.0,0.0,0.0,0.0,0.0,0.0,0.0,0.0,0.0
0.00037,0.00031,0.00025,0.00019,0.00012,0.00005,0.0,-0.00005,-0.00013,-0.00019
5.000,25.000
0.0,0.0,0.0,0.0,0.0,0.0,0.0,0.0,0.0,0.0
0.0,0.0,0.0,0.0,0.0,0.0,0.0,0.0,0.0,0.0
0.00040,0.00033,0.00026,0.00020,0.00013,0.00005,0.0,-0.00005,-0.00013,-0.00019
5.000,30.000
0.0,0.0,0.0,0.0,0.0,0.0,0.0,0.0,0.0,0.0
0.0,0.0,0.0,0.0,0.0,0.0,0.0,0.0,0.0,0.0
0.00042,0.00034,0.00027,0.00021,0.00013,0.00005,0.0,-0.00005,-0.00013,-0.00019
5.000,35.000
0.0,0.0,0.0,0.0,0.0,0.0,0.0,0.0,0.0,0.0
0.0,0.0,0.0,0.0,0.0,0.0,0.0,0.0,0.0,0.0
0.00044,0.00035,0.00028,0.00020,0.00013,0.00005,0.0,-0.00005,-0.00012,-0.00018
5.000,40.000
0.0,0.0,0.0,0.0,0.0,0.0,0.0,0.0,0.0,0.0
0.0,0.0,0.0,0.0,0.0,0.0,0.0,0.0,0.0,0.0
0.00045,0.00035,0.00029,0.00019,0.00012,0.00005,0.0,-0.00005,-0.00010,-0.00016
5.000,45.000
0.0,0.0,0.0,0.0,0.0,0.0,0.0,0.0,0.0,0.0
0.0,0.0,0.0,0.0,0.0,0.0,0.0,0.0,0.0,0.0
0.00047,0.00036,0.00029,0.00019,0.00012,0.00005,0.0,-0.00005,-0.00009,-0.00015
5.000,50.000
0.0,0.0,0.0,0.0,0.0,0.0,0.0,0.0,0.0,0.0
0.0,0.0,0.0,0.0,0.0,0.0,0.0,0.0,0.0,0.0
0.00049,0.00037,0.00029,0.00019,0.00012,0.00005,0.0,-0.00005,-0.00009,-0.00014
8.000,-10.000
0.0,0.0,0.0,0.0,0.0,0.0,0.0,0.0,0.0,0.0
0.0,0.0,0.0,0.0,0.0,0.0,0.0,0.0,0.0,0.0
0.00030,0.00026,0.00021,0.00016,0.00010,0.00006,0.0,-0.00005,-0.00010,-0.00016
8.000,-5.000
0.0,0.0,0.0,0.0,0.0,0.0,0.0,0.0,0.0,0.0
0.0,0.0,0.0,0.0,0.0,0.0,0.0,0.0,0.0,0.0
0.00030,0.00026,0.00021,0.00016,0.00010,0.00006,0.0,-0.00005,-0.00010,-0.00016
8.000,0.0
0.0,0.0,0.0,0.0,0.0,0.0,0.0,0.0,0.0,0.0
0.0,0.0,0.0,0.0,0.0,0.0,0.0,0.0,0.0,0.0
0.00030,0.00026,0.00021,0.00016,0.00010,0.00006,0.0,-0.00005,-0.00010,-0.00016
8.000,5.000
0.0,0.0,0.0,0.0,0.0,0.0,0.0,0.0,0.0,0.0
0.0,0.0,0.0,0.0,0.0,0.0,0.0,0.0,0.0,0.0
0.00030,0.00026,0.00021,0.00016,0.00010,0.00006,0.0,-0.00005,-0.00011,-0.00018
8.000,10.000
0.0,0.0,0.0,0.0,0.0,0.0,0.0,0.0,0.0,0.0
0.0,0.0,0.0,0.0,0.0,0.0,0.0,0.0,0.0,0.0
0.00030,0.00026,0.00021,0.00016,0.00010,0.00006,0.0,-0.00006,-0.00012,-0.00019
8.000,15.000
0.0,0.0,0.0,0.0,0.0,0.0,0.0,0.0,0.0,0.0
0.0,0.0,0.0,0.0,0.0,0.0,0.0,0.0,0.0,0.0
0.00030,0.00026,0.00021,0.00016,0.00010,0.00006,0.0,-0.00005,-0.00011,-0.00018
8.000,20.000
0.0,0.0,0.0,0.0,0.0,0.0,0.0,0.0,0.0,0.0
0.0,0.0,0.0,0.0,0.0,0.0,0.0,0.0,0.0,0.0
0.00030,0.00026,0.00021,0.00016,0.00010,0.00006,0.0,-0.00005,-0.00010,-0.00016
8.000,25.000
0.0,0.0,0.0,0.0,0.0,0.0,0.0,0.0,0.0,0.0
0.0,0.0,0.0,0.0,0.0,0.0,0.0,0.0,0.0,0.0
0.00030,0.00026,0.00021,0.00016,0.00010,0.00006,0.0,-0.00004,-0.00007,-0.00011
8.000,30.000
0.0,0.0,0.0,0.0,0.0,0.0,0.0,0.0,0.0,0.0
0.0,0.0,0.0,0.0,0.0,0.0,0.0,0.0,0.0,0.0
0.00030,0.00026,0.00021,0.00016,0.00010,0.00006,0.0,-0.00003,-0.00004,-0.00007
8.000,35.000
0.0,0.0,0.0,0.0,0.0,0.0,0.0,0.0,0.0,0.0
0.0,0.0,0.0,0.0,0.0,0.0,0.0,0.0,0.0,0.0
0.00036,0.00029,0.00022,0.00016,0.00009,0.00005,0.0,-0.00003,-0.00003,-0.00006
8.000,40.000
0.0,0.0,0.0,0.0,0.0,0.0,0.0,0.0,0.0,0.0
0.0,0.0,0.0,0.0,0.0,0.0,0.0,0.0,0.0,0.0
0.00045,0.00035,0.00025,0.00016,0.00008,0.00004,0.0,-0.00003,-0.00004,-0.00007
8.000,45.000
0.0,0.0,0.0,0.0,0.0,0.0,0.0,0.0,0.0,0.0
0.0,0.0,0.0,0.0,0.0,0.0,0.0,0.0,0.0,0.0
0.00052,0.00039,0.00027,0.00016,0.00007,0.00003,0.0,-0.00003,-0.00004,-0.00007
8.000,50.000
0.0,0.0,0.0,0.0,0.0,0.0,0.0,0.0,0.0,0.0
0.0,0.0,0.0,0.0,0.0,0.0,0.0,0.0,0.0,0.0
0.00060,0.00044,0.00029,0.00016,0.00006,0.00002,0.0,-0.00003,-0.00004,-0.00007
10.000,-10.000
0.0,0.0,0.0,0.0,0.0,0.0,0.0,0.0,0.0,0.0
0.0,0.0,0.0,0.0,0.0,0.0,0.0,0.0,0.0,0.0
0.00030,0.00026,0.00021,0.00016,0.00010,0.00006,0.0,-0.00005,-0.00010,-0.00016
10.000,-5.000
0.0,0.0,0.0,0.0,0.0,0.0,0.0,0.0,0.0,0.0
0.0,0.0,0.0,0.0,0.0,0.0,0.0,0.0,0.0,0.0
0.00030,0.00026,0.00021,0.00016,0.00010,0.00006,0.0,-0.00005,-0.00010,-0.00016
10.000,0.0
0.0,0.0,0.0,0.0,0.0,0.0,0.0,0.0,0.0,0.0
0.0,0.0,0.0,0.0,0.0,0.0,0.0,0.0,0.0,0.0
0.00030,0.00026,0.00021,0.00016,0.00010,0.00006,0.0,-0.00005,-0.00010,-0.00016
10.000,5.000
0.0,0.0,0.0,0.0,0.0,0.0,0.0,0.0,0.0,0.0
0.0,0.0,0.0,0.0,0.0,0.0,0.0,0.0,0.0,0.0
0.00030,0.00026,0.00021,0.00016,0.00010,0.00006,0.0,-0.00005,-0.00011,-0.00018
10.000,10.000
0.0,0.0,0.0,0.0,0.0,0.0,0.0,0.0,0.0,0.0
0.0,0.0,0.0,0.0,0.0,0.0,0.0,0.0,0.0,0.0
0.00030,0.00026,0.00021,0.00016,0.00010,0.00006,0.0,-0.00006,-0.00012,-0.00019
10.000,15.000
0.0,0.0,0.0,0.0,0.0,0.0,0.0,0.0,0.0,0.0
0.0,0.0,0.0,0.0,0.0,0.0,0.0,0.0,0.0,0.0
0.00030,0.00026,0.00021,0.00016,0.00010,0.00006,0.0,-0.00005,-0.00011,-0.00018
10.000,20.000
0.0,0.0,0.0,0.0,0.0,0.0,0.0,0.0,0.0,0.0
0.0,0.0,0.0,0.0,0.0,0.0,0.0,0.0,0.0,0.0
0.00030,0.00026,0.00021,0.00016,0.00010,0.00006,0.0,-0.00005,-0.00010,-0.00016
10.000,25.000
0.0,0.0,0.0,0.0,0.0,0.0,0.0,0.0,0.0,0.0
0.0,0.0,0.0,0.0,0.0,0.0,0.0,0.0,0.0,0.0
0.00030,0.00026,0.00021,0.00016,0.00010,0.00006,0.0,-0.00004,-0.00007,-0.00011
10.000,30.000
0.0,0.0,0.0,0.0,0.0,0.0,0.0,0.0,0.0,0.0
0.0,0.0,0.0,0.0,0.0,0.0,0.0,0.0,0.0,0.0
0.00030,0.00025,0.00021,0.00016,0.00010,0.00006,0.0,-0.00003,-0.00004,-0.00007
10.000,35.000
0.0,0.0,0.0,0.0,0.0,0.0,0.0,0.0,0.0,0.0
0.0,0.0,0.0,0.0,0.0,0.0,0.0,0.0,0.0,0.0
0.00036,0.00029,0.00022,0.00016,0.00009,0.00005,0.0,-0.00003,-0.00003,-0.00006
10.000,40.000
0.0,0.0,0.0,0.0,0.0,0.0,0.0,0.0,0.0,0.0
0.0,0.0,0.0,0.0,0.0,0.0,0.0,0.0,0.0,0.0
0.00045,0.00035,0.00025,0.00016,0.00008,0.00004,0.0,-0.00003,-0.00004,-0.00007
10.000,45.000
0.0,0.0,0.0,0.0,0.0,0.0,0.0,0.0,0.0,0.0
0.0,0.0,0.0,0.0,0.0,0.0,0.0,0.0,0.0,0.0
0.00052,0.00039,0.00027,0.00016,0.00007,0.00003,0.0,-0.00003,-0.00004,-0.00007
10.000,50.000
0.0,0.0,0.0,0.0,0.0,0.0,0.0,0.0,0.0,0.0
0.0,0.0,0.0,0.0,0.0,0.0,0.0,0.0,0.0,0.0
0.00060,0.00044,0.00029,0.00016,0.00006,0.00002,0.0,-0.00003,-0.00004,-0.00007
15.000,-10.000
0.0,0.0,0.0,0.0,0.0,0.0,0.0,0.0,0.0,0.0
0.0,0.0,0.0,0.0,0.0,0.0,0.0,0.0,0.0,0.0
0.00030,0.00026,0.00021,0.00016,0.00010,0.00006,0.0,-0.00005,-0.00010,-0.00016
15.000,-5.000
0.0,0.0,0.0,0.0,0.0,0.0,0.0,0.0,0.0,0.0
0.0,0.0,0.0,0.0,0.0,0.0,0.0,0.0,0.0,0.0
0.00030,0.00026,0.00021,0.00016,0.00010,0.00006,0.0,-0.00005,-0.00010,-0.00016
15.000,0.0
0.0,0.0,0.0,0.0,0.0,0.0,0.0,0.0,0.0,0.0
0.0,0.0,0.0,0.0,0.0,0.0,0.0,0.0,0.0,0.0
0.00030,0.00026,0.00021,0.00016,0.00010,0.00006,0.0,-0.00005,-0.00010,-0.00016
15.000,5.000
0.0,0.0,0.0,0.0,0.0,0.0,0.0,0.0,0.0,0.0
0.0,0.0,0.0,0.0,0.0,0.0,0.0,0.0,0.0,0.0
0.00030,0.00026,0.00021,0.00016,0.00010,0.00006,0.0,-0.00005,-0.00011,-0.00018
15.000,10.000
0.0,0.0,0.0,0.0,0.0,0.0,0.0,0.0,0.0,0.0
0.0,0.0,0.0,0.0,0.0,0.0,0.0,0.0,0.0,0.0
0.00030,0.00026,0.00021,0.00016,0.00010,0.00006,0.0,-0.00006,-0.00012,-0.00019
15.000,15.000
0.0,0.0,0.0,0.0,0.0,0.0,0.0,0.0,0.0,0.0
0.0,0.0,0.0,0.0,0.0,0.0,0.0,0.0,0.0,0.0
0.00030,0.00026,0.00021,0.00016,0.00010,0.00006,0.0,-0.00005,-0.00011,-0.00018
15.000,20.000
0.0,0.0,0.0,0.0,0.0,0.0,0.0,0.0,0.0,0.0
0.0,0.0,0.0,0.0,0.0,0.0,0.0,0.0,0.0,0.0
0.00030,0.00026,0.00021,0.00016,0.00010,0.00006,0.0,-0.00005,-0.00010,-0.00016
15.000,25.000
0.0,0.0,0.0,0.0,0.0,0.0,0.0,0.0,0.0,0.0
0.0,0.0,0.0,0.0,0.0,0.0,0.0,0.0,0.0,0.0
0.00030,0.00026,0.00021,0.00016,0.00010,0.00006,0.0,-0.00004,-0.00007,-0.00011
15.000,30.000
0.0,0.0,0.0,0.0,0.0,0.0,0.0,0.0,0.0,0.0
0.0,0.0,0.0,0.0,0.0,0.0,0.0,0.0,0.0,0.0
0.00030,0.00025,0.00021,0.00016,0.00010,0.00006,0.0,-0.00003,-0.00004,-0.00007
15.000,35.000
0.0,0.0,0.0,0.0,0.0,0.0,0.0,0.0,0.0,0.0
0.0,0.0,0.0,0.0,0.0,0.0,0.0,0.0,0.0,0.0
0.00036,0.00029,0.00022,0.00016,0.00009,0.00005,0.0,-0.00003,-0.00003,-0.00006
15.000,40.000
0.0,0.0,0.0,0.0,0.0,0.0,0.0,0.0,0.0,0.0
0.0,0.0,0.0,0.0,0.0,0.0,0.0,0.0,0.0,0.0
0.00045,0.00035,0.00025,0.00016,0.00008,0.00004,0.0,-0.00003,-0.00004,-0.00007
15.000,45.000
0.0,0.0,0.0,0.0,0.0,0.0,0.0,0.0,0.0,0.0
0.0,0.0,0.0,0.0,0.0,0.0,0.0,0.0,0.0,0.0
0.00052,0.00039,0.00027,0.00016,0.00007,0.00003,0.0,-0.00003,-0.00004,-0.00007
15.000,50.000
0.0,0.0,0.0,0.0,0.0,0.0,0.0,0.0,0.0,0.0
0.0,0.0,0.0,0.0,0.0,0.0,0.0,0.0,0.0,0.0
0.00060,0.00044,0.00029,0.00016,0.00006,0.00002,0.0,-0.00003,-0.00004,-0.00007
20.000,-10.000
0.0,0.0,0.0,0.0,0.0,0.0,0.0,0.0,0.0,0.0
0.0,0.0,0.0,0.0,0.0,0.0,0.0,0.0,0.0,0.0
0.00030,0.00026,0.00021,0.00016,0.00010,0.00006,0.0,-0.00005,-0.00010,-0.00016
20.000,-5.000
0.0,0.0,0.0,0.0,0.0,0.0,0.0,0.0,0.0,0.0
0.0,0.0,0.0,0.0,0.0,0.0,0.0,0.0,0.0,0.0
0.00030,0.00026,0.00021,0.00016,0.00010,0.00006,0.0,-0.00005,-0.00010,-0.00016
20.000,0.0
0.0,0.0,0.0,0.0,0.0,0.0,0.0,0.0,0.0,0.0
0.0,0.0,0.0,0.0,0.0,0.0,0.0,0.0,0.0,0.0
0.00030,0.00026,0.00021,0.00016,0.00010,0.00006,0.0,-0.00005,-0.00010,-0.00016
20.000,5.000
0.0,0.0,0.0,0.0,0.0,0.0,0.0,0.0,0.0,0.0
0.0,0.0,0.0,0.0,0.0,0.0,0.0,0.0,0.0,0.0
0.00030,0.00026,0.00021,0.00016,0.00010,0.00006,0.0,-0.00005,-0.00011,-0.00018
20.000,10.000
0.0,0.0,0.0,0.0,0.0,0.0,0.0,0.0,0.0,0.0
0.0,0.0,0.0,0.0,0.0,0.0,0.0,0.0,0.0,0.0
0.00030,0.00026,0.00021,0.00016,0.00010,0.00006,0.0,-0.00006,-0.00012,-0.00019
20.000,15.000
0.0,0.0,0.0,0.0,0.0,0.0,0.0,0.0,0.0,0.0
0.0,0.0,0.0,0.0,0.0,0.0,0.0,0.0,0.0,0.0
0.00030,0.00026,0.00021,0.00016,0.00010,0.00006,0.0,-0.00005,-0.00011,-0.00018
20.000,20.000
0.0,0.0,0.0,0.0,0.0,0.0,0.0,0.0,0.0,0.0
0.0,0.0,0.0,0.0,0.0,0.0,0.0,0.0,0.0,0.0
0.00030,0.00026,0.00021,0.00016,0.00010,0.00006,0.0,-0.00005,-0.00010,-0.00016
20.000,25.000
0.0,0.0,0.0,0.0,0.0,0.0,0.0,0.0,0.0,0.0
0.0,0.0,0.0,0.0,0.0,0.0,0.0,0.0,0.0,0.0
0.00030,0.00026,0.00021,0.00016,0.00010,0.00006,0.0,-0.00004,-0.00007,-0.00011
20.000,30.000
0.0,0.0,0.0,0.0,0.0,0.0,0.0,0.0,0.0,0.0
0.0,0.0,0.0,0.0,0.0,0.0,0.0,0.0,0.0,0.0
0.00030,0.00025,0.00021,0.00016,0.00010,0.00006,0.0,-0.00003,-0.00004,-0.00007
20.000,35.000
0.0,0.0,0.0,0.0,0.0,0.0,0.0,0.0,0.0,0.0
0.0,0.0,0.0,0.0,0.0,0.0,0.0,0.0,0.0,0.0
0.00036,0.00029,0.00022,0.00016,0.00009,0.00005,0.0,-0.00003,-0.00003,-0.00006
20.000,40.000
0.0,0.0,0.0,0.0,0.0,0.0,0.0,0.0,0.0,0.0
0.0,0.0,0.0,0.0,0.0,0.0,0.0,0.0,0.0,0.0
0.00045,0.00035,0.00025,0.00016,0.00008,0.00004,0.0,-0.00003,-0.00004,-0.00007
20.000,45.000
0.0,0.0,0.0,0.0,0.0,0.0,0.0,0.0,0.0,0.0
0.0,0.0,0.0,0.0,0.0,0.0,0.0,0.0,0.0,0.0
0.00052,0.00039,0.00027,0.00016,0.00007,0.00003,0.0,-0.00003,-0.00004,-0.00007
20.000,50.000
0.0,0.0,0.0,0.0,0.0,0.0,0.0,0.0,0.0,0.0
0.0,0.0,0.0,0.0,0.0,0.0,0.0,0.0,0.0,0.0
0.00060,0.00044,0.00029,0.00016,0.00006,0.00002,0.0,-0.00003,-0.00004,-0.00007