0.0,1.000,2.000,4.000,6.000,8.000,10.000
0.0,-10.000
0.0,0.0,0.0,0.0,0.0,0.0,0.0
0.0,0.0,0.0,0.0,0.0,0.0,0.0
0.0,0.0,0.0,0.0,0.0,0.0,0.0
0.0,-5.000
0.0,0.0,0.0,0.0,0.0,0.0,0.0
0.0,0.0,0.0,0.0,0.0,0.0,0.0
0.0,0.0,0.0,0.0,0.0,0.0,0.0
0.0,0.0
0.0,0.0,0.0,0.0,0.0,0.0,0.0
0.0,0.0,0.0,0.0,0.0,0.0,0.0
0.0,0.0,0.0,0.0,0.0,0.0,0.0
0.0,5.000
0.0,0.0,0.0,0.0,0.0,0.0,0.0
0.0,0.0,0.0,0.0,0.0,0.0,0.0
0.0,0.0,0.0,0.0,0.0,0.0,0.0
0.0,10.000
0.0,0.0,0.0,0.0,0.0,0.0,0.0
0.0,0.0,0.0,0.0,0.0,0.0,0.0
0.0,0.0,0.0,0.0,0.0,0.0,0.0
0.0,15.000
0.0,0.0,0.0,0.0,0.0,0.0,0.0
0.0,0.0,0.0,0.0,0.0,0.0,0.0
0.0,0.0,0.0,0.0,0.0,0.0,0.0
0.0,20.000
0.0,0.0,0.0,0.0,0.0,0.0,0.0
0.0,0.0,0.0,0.0,0.0,0.0,0.0
0.0,0.0,0.0,0.0,0.0,0.0,0.0
0.0,25.000
0.0,0.0,0.0,0.0,0.0,0.0,0.0
0.0,0.0,0.0,0.0,0.0,0.0,0.0
0.0,0.0,0.0,0.0,0.0,0.0,0.0
0.250,-10.000
0.0,-0.01950,-0.03900,-0.07800,-0.11700,-0.15600,-0.19500
0.0,0.00136,0.00260,0.00445,0.00630,0.00987,0.01460
0.0,0.00073,0.00140,0.00245,0.00350,0.00507,0.00700
0.250,-5.000
0.0,-0.01950,-0.03900,-0.07800,-0.11700,-0.15600,-0.19500
0.0,0.00153,0.00300,0.00571,0.00837,0.01222,0.01687
0.0,0.00001,-0.00003,-0.00025,-0.00063,-0.00130,-0.00220
0.250,0.0
0.0,-0.01950,-0.03900,-0.07800,-0.11700,-0.15600,-0.19500
0.0,0.00155,0.00310,0.00622,0.00940,0.01341,0.01800
0.0,-0.00073,-0.00150,-0.00313,-0.00500,-0.00746,-0.01040
0.250,5.000
0.0,-0.01950,-0.03900,-0.07800,-0.11700,-0.15600,-0.19500
0.0,0.00142,0.00290,0.00599,0.00940,0.01344,0.01800
0.0,-0.00147,-0.00300,-0.00617,-0.00960,-0.01342,-0.01760
0.250,10.000
0.0,-0.01950,-0.03900,-0.07800,-0.11700,-0.15600,-0.19500
0.0,0.00142,0.00290,0.00599,0.00940,0.01340,0.01790
0.0,-0.00239,-0.00480,-0.00965,-0.01460,-0.01972,-0.02500
0.250,15.000
0.0,-0.01900,-0.03800,-0.07600,-0.11400,-0.15200,-0.19000
0.0,0.00139,0.00290,0.00565,0.00860,0.01180,0.01520
0.0,-0.00223,-0.00490,-0.01245,-0.02000,-0.02639,-0.03200
0.250,20.000
0.0,-0.01750,-0.03500,-0.07000,-0.10500,-0.14000,-0.17500
0.0,-0.00154,-0.00240,-0.00159,0.00100,0.00469,0.00970
0.0,-0.00181,-0.00420,-0.01190,-0.01960,-0.02486,-0.02850
0.250,25.000
0.0,-0.01600,-0.03200,-0.06400,-0.09600,-0.12800,-0.16000
0.0,-0.00447,-0.00760,-0.00883,-0.00660,-0.00242,0.00420
0.0,-0.00139,-0.00350,-0.01135,-0.01920,-0.02334,-0.02500
0.400,-10.000
0.0,-0.01900,-0.03800,-0.07600,-0.11400,-0.15200,-0.19000
0.0,0.00135,0.00270,0.00540,0.00810,0.01168,0.01597
0.0,0.00075,0.00140,0.00280,0.00420,0.00560,0.00700
0.400,-5.000
0.0,-0.01900,-0.03800,-0.07600,-0.11400,-0.15200,-0.19000
0.0,0.00165,0.00320,0.00635,0.00947,0.01332,0.01769
0.0,-0.00001,-0.00003,-0.00019,-0.00045,-0.00086,-0.00140
0.400,0.0
0.0,-0.01900,-0.03800,-0.07600,-0.11400,-0.15200,-0.19000
0.0,0.00159,0.00336,0.00681,0.01034,0.01437,0.01877
0.0,-0.00078,-0.00159,-0.00324,-0.00504,-0.00680,-0.00959
0.400,5.000
0.0,-0.01870,-0.03740,-0.07480,-0.11220,-0.14960,-0.18700
0.0,0.00153,0.00319,0.00681,0.01050,0.01471,0.01920
0.0,-0.00153,-0.00308,-0.00631,-0.00965,-0.01323,-0.01695
0.400,10.000
0.0,-0.01870,-0.03740,-0.07480,-0.11220,-0.14960,-0.18700
0.0,0.00158,0.00320,0.00668,0.01034,0.01438,0.01871
0.0,-0.00241,-0.00484,-0.00971,-0.01468,-0.01987,-0.02521
0.400,15.000
0.0,-0.01870,-0.03740,-0.07480,-0.11220,-0.14960,-0.18700
0.0,0.00154,0.00301,0.00629,0.00950,0.01300,0.01660
0.0,-0.00223,-0.00482,-0.01160,-0.01850,-0.02507,-0.03119
0.400,20.000
0.0,-0.01810,-0.03620,-0.07240,-0.10860,-0.14480,-0.18100
0.0,-0.00138,-0.00240,-0.00159,0.00100,0.00469,0.00970
0.0,-0.00231,-0.00480,-0.01154,-0.01830,-0.02370,-0.02816
0.400,25.000
0.0,-0.01730,-0.03460,-0.06920,-0.10380,-0.13840,-0.17300
0.0,-0.00138,-0.00240,-0.00159,0.00100,0.00469,0.00970
0.0,-0.00219,-0.00480,-0.01145,-0.01805,-0.02334,-0.02513
0.600,-10.000
0.0,-0.01900,-0.03800,-0.07600,-0.11400,-0.15200,-0.19000
0.0,0.00181,0.00360,0.00705,0.01050,0.01410,0.01780
0.0,0.00076,0.00150,0.00290,0.00430,0.00574,0.00720
0.600,-5.000
0.0,-0.01900,-0.03800,-0.07600,-0.11400,-0.15200,-0.19000
0.0,0.00180,0.00360,0.00720,0.01090,0.01477,0.01880
0.0,-0.00001,-0.00003,-0.00012,-0.00020,-0.00027,-0.00033
0.600,0.0
0.0,-0.01850,-0.03700,-0.07400,-0.11100,-0.14800,-0.18500
0.0,0.00183,0.00370,0.00760,0.01160,0.01566,0.01980
0.0,-0.00085,-0.00170,-0.00340,-0.00510,-0.00680,-0.00850
0.600,5.000
0.0,-0.01850,-0.03700,-0.07400,-0.11100,-0.14800,-0.18500
0.0,0.00179,0.00358,0.00790,0.01200,0.01640,0.02080
0.0,-0.00159,-0.00320,-0.00650,-0.00980,-0.01299,-0.01610
0.600,10.000
0.0,-0.01850,-0.03700,-0.07400,-0.11100,-0.14800,-0.18500
0.0,0.00177,0.00360,0.00760,0.01160,0.01570,0.01980
0.0,-0.00245,-0.00490,-0.00980,-0.01480,-0.02007,-0.02550
0.600,15.000
0.0,-0.01900,-0.03800,-0.07600,-0.11400,-0.15200,-0.19000
0.0,0.00160,0.00330,0.00715,0.01100,0.01460,0.01850
0.0,-0.00224,-0.00470,-0.01052,-0.01680,-0.02330,-0.03010
0.600,20.000
0.0,-0.01900,-0.03800,-0.07600,-0.11400,-0.15200,-0.19000
0.0,0.00178,0.00356,0.00700,0.01070,0.01430,0.01780
0.0,-0.00275,-0.00550,-0.01105,-0.01660,-0.02215,-0.02770
0.600,25.000
0.0,-0.01900,-0.03800,-0.07600,-0.11400,-0.15200,-0.19000
0.0,-0.00397,-0.00690,-0.00871,-0.00820,-0.00585,-0.00150
0.0,-0.00325,-0.00630,-0.01158,-0.01640,-0.02100,-0.02530
0.800,-10.000
0.0,-0.02000,-0.04000,-0.08000,-0.12000,-0.16000,-0.20000
0.0,0.00250,0.00500,0.01000,0.01500,0.01996,0.02490
0.0,0.00065,0.00130,0.00255,0.00380,0.00509,0.00640
0.800,-5.000
0.0,-0.02000,-0.04000,-0.08000,-0.12000,-0.16000,-0.20000
0.0,0.00238,0.00480,0.00978,0.01487,0.01999,0.02517
0.0,-0.00006,-0.00013,-0.00032,-0.00050,-0.00062,-0.00070
0.800,0.0
0.0,-0.02000,-0.04000,-0.08000,-0.12000,-0.16000,-0.20000
0.0,0.00244,0.00488,0.01000,0.01520,0.02020,0.02540
0.0,-0.00095,-0.00190,-0.00380,-0.00570,-0.00760,-0.00950
0.800,5.000
0.0,-0.01990,-0.03980,-0.07960,-0.11940,-0.15920,-0.19900
0.0,0.00231,0.00470,0.00988,0.01510,0.02034,0.02560
0.0,-0.00153,-0.00306,-0.00612,-0.00940,-0.01259,-0.01580
0.800,10.000
0.0,-0.02000,-0.04000,-0.08000,-0.12000,-0.16000,-0.20000
0.0,0.00195,0.00390,0.00870,0.01330,0.01830,0.02300
0.0,-0.00192,-0.00384,-0.00768,-0.01240,-0.01671,-0.02110
0.800,15.000
0.0,-0.02000,-0.04000,-0.08000,-0.12000,-0.16000,-0.20000
0.0,0.00117,0.00260,0.00670,0.01080,0.01500,0.01950
0.0,-0.00221,-0.00450,-0.00933,-0.01440,-0.01965,-0.02510
0.800,20.000
0.0,-0.01870,-0.03740,-0.07480,-0.11220,-0.14960,-0.18700
0.0,0.00020,0.00040,0.00370,0.00700,0.01030,0.01370
0.0,-0.00275,-0.00550,-0.01100,-0.01650,-0.02196,-0.02740
0.800,25.000
0.0,-0.01740,-0.03480,-0.06960,-0.10440,-0.13920,-0.17400
0.0,-0.00328,-0.00640,-0.01185,-0.01720,-0.02249,-0.02770
0.0,-0.00329,-0.00650,-0.01257,-0.01860,-0.02427,-0.02970
0.900,-10.000
0.0,-0.02270,-0.04540,-0.09080,-0.13620,-0.18160,-0.22700
0.0,0.00303,0.00620,0.01320,0.02020,0.02712,0.03400
0.0,0.00090,0.00180,0.00360,0.00540,0.00720,0.00900
0.900,-5.000
0.0,-0.02260,-0.04520,-0.09040,-0.13560,-0.18080,-0.22600
0.0,0.00328,0.00668,0.01411,0.02150,0.02879,0.03600
0.0,0.00002,0.0,-0.00027,-0.00053,-0.00078,-0.00100
0.900,0.0
0.0,-0.02220,-0.04440,-0.08880,-0.13320,-0.17760,-0.22200
0.0,0.00333,0.00666,0.01400,0.02120,0.02870,0.03600
0.0,-0.00090,-0.00180,-0.00360,-0.00540,-0.00720,-0.00900
0.900,5.000
0.0,-0.02170,-0.04340,-0.08680,-0.13020,-0.17360,-0.21700
0.0,0.00300,0.00600,0.01200,0.01920,0.02660,0.03450
0.0,-0.00149,-0.00300,-0.00600,-0.00910,-0.01210,-0.01500
0.900,10.000
0.0,-0.02100,-0.04200,-0.08400,-0.12600,-0.16800,-0.21000
0.0,0.00205,0.00420,0.00905,0.01390,0.01875,0.02360
0.0,-0.00187,-0.00374,-0.00760,-0.01190,-0.01630,-0.02050
0.900,15.000
0.0,-0.01920,-0.03840,-0.07680,-0.11520,-0.15360,-0.19200
0.0,0.00112,0.00240,0.00575,0.00910,0.01177,0.01400
0.0,-0.00224,-0.00450,-0.00915,-0.01380,-0.01837,-0.02290
0.900,20.000
0.0,-0.01600,-0.03200,-0.06400,-0.09600,-0.12800,-0.16000
0.0,-0.00216,-0.00560,-0.01120,-0.01680,-0.02240,-0.02800
0.0,-0.00281,-0.00560,-0.01110,-0.01660,-0.02217,-0.02780
0.900,25.000
0.0,-0.01280,-0.02560,-0.05120,-0.07680,-0.10240,-0.12800
0.0,-0.00672,-0.01360,-0.02815,-0.04270,-0.05657,-0.07000
0.0,-0.00338,-0.00670,-0.01305,-0.01940,-0.02597,-0.03270
0.950,-10.000
0.0,-0.02310,-0.04620,-0.09240,-0.13860,-0.18480,-0.23100
0.0,0.00260,0.00540,0.01186,0.01870,0.02572,0.03300
0.0,0.0,0.0,0.0,0.0,0.0,0.0
0.950,-5.000
0.0,-0.02293,-0.04587,-0.09174,-0.13761,-0.18347,-0.22933
0.0,0.00254,0.00537,0.01211,0.01943,0.02703,0.03500
0.0,-0.00105,-0.00210,-0.00420,-0.00630,-0.00840,-0.01050
0.950,0.0
0.0,-0.02100,-0.04200,-0.08400,-0.12600,-0.16800,-0.21000
0.0,0.00250,0.00550,0.01263,0.02020,0.02796,0.03600
0.0,-0.00180,-0.00360,-0.00720,-0.01080,-0.01440,-0.01800
0.950,5.000
0.0,-0.02000,-0.04000,-0.08000,-0.12000,-0.16000,-0.20000
0.0,0.00275,0.00580,0.01340,0.02100,0.02852,0.03600
0.0,-0.00210,-0.00420,-0.00840,-0.01260,-0.01680,-0.02100
0.950,10.000
0.0,-0.02000,-0.04000,-0.08000,-0.12000,-0.16000,-0.20000
0.0,0.00190,0.00410,0.01120,0.01850,0.02580,0.03300
0.0,-0.00200,-0.00400,-0.00800,-0.01370,-0.01910,-0.02460
0.950,15.000
0.0,-0.01740,-0.03480,-0.06960,-0.10440,-0.13920,-0.17400
0.0,0.00090,0.00200,0.00525,0.00850,0.01175,0.01500
0.0,-0.00290,-0.00580,-0.01165,-0.01750,-0.02327,-0.02900
0.950,20.000
0.0,-0.01390,-0.02780,-0.05560,-0.08340,-0.11120,-0.13900
0.0,-0.00212,-0.00450,-0.00606,-0.00730,-0.00844,-0.00940
0.0,-0.00347,-0.00690,-0.01355,-0.02020,-0.02704,-0.03400
0.950,25.000
0.0,-0.01040,-0.02080,-0.04160,-0.06240,-0.08320,-0.10400
0.0,-0.00591,-0.01100,-0.01737,-0.02310,-0.02862,-0.03380
0.0,-0.00405,-0.00800,-0.01545,-0.02290,-0.03080,-0.03900
0.980,-10.000
0.0,-0.02060,-0.04120,-0.08240,-0.12360,-0.16480,-0.20600
0.0,0.00240,0.00490,0.01030,0.01600,0.02189,0.02800
0.0,-0.00171,-0.00340,-0.00665,-0.00990,-0.01322,-0.01660
0.980,-5.000
0.0,-0.02063,-0.04127,-0.08254,-0.12381,-0.16507,-0.20633
0.0,0.00232,0.00480,0.01027,0.01627,0.02260,0.02933
0.0,-0.00205,-0.00407,-0.00788,-0.01170,-0.01563,-0.01963
0.980,0.0
0.0,-0.01900,-0.03800,-0.07600,-0.11400,-0.15200,-0.19000
0.0,0.00209,0.00418,0.00836,0.01600,0.02360,0.03140
0.0,-0.00219,-0.00438,-0.00876,-0.01314,-0.01752,-0.02190
0.980,5.000
0.0,-0.01900,-0.03800,-0.07600,-0.11400,-0.15200,-0.19000
0.0,0.00200,0.00400,0.01000,0.01820,0.02620,0.03420
0.0,-0.00238,-0.00476,-0.00952,-0.01429,-0.01904,-0.02380
0.980,10.000
0.0,-0.01900,-0.03800,-0.07600,-0.11400,-0.15200,-0.19000
0.0,0.00274,0.00560,0.01185,0.01820,0.02457,0.03100
0.0,-0.00273,-0.00546,-0.01092,-0.01638,-0.02194,-0.02730
0.980,15.000
0.0,-0.01700,-0.03400,-0.06800,-0.10200,-0.13600,-0.17000
0.0,0.00107,0.00240,0.00631,0.01040,0.01455,0.01880
0.0,-0.00300,-0.00600,-0.01195,-0.01790,-0.02389,-0.02990
0.980,20.000
0.0,-0.01430,-0.02860,-0.05720,-0.08580,-0.11440,-0.14300
0.0,-0.00192,-0.00350,-0.00500,-0.00650,-0.00804,-0.00960
0.0,-0.00320,-0.00640,-0.01280,-0.01920,-0.02579,-0.03250
0.980,25.000
0.0,-0.01160,-0.02320,-0.04640,-0.06960,-0.09280,-0.11600
0.0,-0.00490,-0.00940,-0.01631,-0.02340,-0.03062,-0.03800
0.0,-0.00340,-0.00680,-0.01365,-0.02050,-0.02769,-0.03510
1.050,-10.000
0.0,-0.01710,-0.03420,-0.06840,-0.10260,-0.13680,-0.17100
0.0,0.00240,0.00480,0.00960,0.01440,0.01920,0.02400
0.0,-0.00156,-0.00310,-0.00605,-0.00900,-0.01202,-0.01510
1.050,-5.000
0.0,-0.01743,-0.03487,-0.06974,-0.10461,-0.13947,-0.17433
0.0,0.00229,0.00457,0.00910,0.01363,0.01818,0.02273
0.0,-0.00191,-0.00380,-0.00748,-0.01113,-0.01484,-0.01857
1.050,0.0
0.0,-0.01810,-0.03630,-0.07260,-0.10890,-0.14520,-0.18100
0.0,0.00186,0.00372,0.00744,0.01310,0.01930,0.02520
0.0,-0.00215,-0.00430,-0.00860,-0.01290,-0.01720,-0.02150
1.050,5.000
0.0,-0.01780,-0.03560,-0.07120,-0.10680,-0.14240,-0.17800
0.0,0.00150,0.00300,0.00650,0.01280,0.01890,0.02500
0.0,-0.00230,-0.00460,-0.00920,-0.01380,-0.01840,-0.02300
1.050,10.000
0.0,-0.01760,-0.03520,-0.07040,-0.10560,-0.14080,-0.17600
0.0,0.00173,0.00370,0.00875,0.01390,0.01907,0.02430
0.0,-0.00260,-0.00520,-0.01040,-0.01560,-0.02076,-0.02590
1.050,15.000
0.0,-0.01740,-0.03480,-0.06960,-0.10440,-0.13920,-0.17400
0.0,0.00175,0.00320,0.00530,0.00700,0.00849,0.00970
0.0,-0.00260,-0.00520,-0.01045,-0.01570,-0.02084,-0.02590
1.050,20.000
0.0,-0.01610,-0.03220,-0.06440,-0.09660,-0.12880,-0.16100
0.0,-0.00140,-0.00270,-0.00484,-0.00690,-0.00892,-0.01090
0.0,-0.00260,-0.00520,-0.01035,-0.01550,-0.02069,-0.02590
1.050,25.000
0.0,-0.01480,-0.02960,-0.05920,-0.08880,-0.11840,-0.14800
0.0,-0.00455,-0.00860,-0.01499,-0.02080,-0.02634,-0.03150
0.0,-0.00261,-0.00520,-0.01025,-0.01530,-0.02054,-0.02590
1.100,-10.000
0.0,-0.01970,-0.03940,-0.07880,-0.11820,-0.15760,-0.19700
0.0,0.00258,0.00520,0.01055,0.01610,0.02192,0.02800
0.0,-0.00130,-0.00260,-0.00520,-0.00780,-0.01066,-0.01370
1.100,-5.000
0.0,-0.01973,-0.03947,-0.07894,-0.11841,-0.15787,-0.19733
0.0,0.00221,0.00447,0.00916,0.01407,0.01918,0.02450
0.0,-0.00148,-0.00303,-0.00638,-0.00993,-0.01370,-0.01767
1.100,0.0
0.0,-0.01800,-0.03600,-0.07200,-0.10800,-0.14400,-0.18000
0.0,0.00173,0.00346,0.00740,0.01150,0.01580,0.02000
0.0,-0.00197,-0.00394,-0.00788,-0.01180,-0.01624,-0.02090
1.100,5.000
0.0,-0.01740,-0.03480,-0.06960,-0.10440,-0.13920,-0.17400
0.0,0.00121,0.00260,0.00604,0.00990,0.01400,0.01840
0.0,-0.00215,-0.00430,-0.00875,-0.01340,-0.01860,-0.02400
1.100,10.000
0.0,-0.01670,-0.03340,-0.06680,-0.10020,-0.13360,-0.16700
0.0,0.00100,0.00240,0.00610,0.00970,0.01332,0.01700
0.0,-0.00245,-0.00490,-0.00980,-0.01450,-0.01980,-0.02500
1.100,15.000
0.0,-0.01670,-0.03340,-0.06680,-0.10020,-0.13360,-0.16700
0.0,0.00100,0.00230,0.00340,0.00450,0.00564,0.00680
0.0,-0.00224,-0.00450,-0.00915,-0.01380,-0.01841,-0.02300
1.100,20.000
0.0,-0.01620,-0.03240,-0.06480,-0.09720,-0.12960,-0.16200
0.0,-0.00117,-0.00240,-0.00515,-0.00790,-0.01065,-0.01340
0.0,-0.00226,-0.00450,-0.00885,-0.01320,-0.01762,-0.02210
1.100,25.000
0.0,-0.01620,-0.03240,-0.06480,-0.09720,-0.12960,-0.16200
0.0,-0.00359,-0.00710,-0.01370,-0.02030,-0.02694,-0.03360
0.0,-0.00229,-0.00450,-0.00855,-0.01260,-0.01684,-0.02120
1.200,-10.000
0.0,-0.01990,-0.03980,-0.07960,-0.11940,-0.15920,-0.19900
0.0,0.00315,0.00640,0.01330,0.02040,0.02759,0.03490
0.0,-0.00109,-0.00220,-0.00445,-0.00680,-0.00936,-0.01210
1.200,-5.000
0.0,-0.01930,-0.03860,-0.07720,-0.11580,-0.15440,-0.19300
0.0,0.00222,0.00453,0.00950,0.01463,0.01981,0.02507
0.0,-0.00142,-0.00290,-0.00605,-0.00943,-0.01306,-0.01693
1.200,0.0
0.0,-0.01790,-0.03580,-0.07160,-0.10740,-0.14320,-0.17900
0.0,0.00150,0.00300,0.00600,0.01010,0.01391,0.01790
0.0,-0.00165,-0.00340,-0.00718,-0.01130,-0.01570,-0.02040
1.200,5.000
0.0,-0.01650,-0.03300,-0.06600,-0.09900,-0.13200,-0.16500
0.0,0.00084,0.00180,0.00408,0.00680,0.00990,0.01340
0.0,-0.00190,-0.00380,-0.00760,-0.01200,-0.01720,-0.02250
1.200,10.000
0.0,-0.01550,-0.03100,-0.06200,-0.09300,-0.12400,-0.15500
0.0,0.00050,0.00100,0.00200,0.00300,0.00400,0.00500
0.0,-0.00215,-0.00430,-0.00860,-0.01320,-0.01860,-0.02390
1.200,15.000
0.0,-0.01540,-0.03080,-0.06160,-0.09240,-0.12320,-0.15400
0.0,0.00050,0.00100,0.00014,-0.00100,-0.00220,-0.00350
0.0,-0.00174,-0.00350,-0.00710,-0.01070,-0.01430,-0.01790
1.200,20.000
0.0,-0.01520,-0.03040,-0.06080,-0.09120,-0.12160,-0.15200
0.0,-0.00105,-0.00240,-0.00665,-0.01090,-0.01492,-0.01880
0.0,-0.00149,-0.00300,-0.00610,-0.00920,-0.01230,-0.01540
1.200,25.000
0.0,-0.01500,-0.03000,-0.06000,-0.09000,-0.12000,-0.15000
0.0,-0.00292,-0.00590,-0.01344,-0.02080,-0.02765,-0.03410
0.0,-0.00124,-0.00250,-0.00510,-0.00770,-0.01030,-0.01290
1.300,-10.000
0.0,-0.02060,-0.04120,-0.08240,-0.12360,-0.16480,-0.20600
0.0,0.00274,0.00548,0.01107,0.01640,0.02118,0.02550
0.0,-0.00050,-0.00100,-0.00200,-0.00300,-0.00430,-0.00500
1.300,-5.000
0.0,-0.01930,-0.03860,-0.07720,-0.11580,-0.15440,-0.19300
0.0,0.00205,0.00414,0.00852,0.01290,0.01711,0.02120
0.0,-0.00090,-0.00180,-0.00360,-0.00560,-0.00780,-0.00960
1.300,0.0
0.0,-0.01790,-0.03580,-0.07160,-0.10740,-0.14320,-0.17900
0.0,0.00136,0.00280,0.00597,0.00940,0.01304,0.01690
0.0,-0.00135,-0.00270,-0.00540,-0.00820,-0.01130,-0.01420
1.300,5.000
0.0,-0.01600,-0.03200,-0.06400,-0.09600,-0.12800,-0.16000
0.0,0.00067,0.00146,0.00341,0.00590,0.00897,0.01260
0.0,-0.00165,-0.00330,-0.00660,-0.01040,-0.01460,-0.01880
1.300,10.000
0.0,-0.01530,-0.03060,-0.06120,-0.09180,-0.12240,-0.15300
0.0,0.00056,0.00110,0.00205,0.00300,0.00402,0.00510
0.0,-0.00190,-0.00380,-0.00760,-0.01140,-0.01520,-0.01900
1.300,15.000
0.0,-0.01500,-0.03000,-0.06000,-0.09000,-0.12000,-0.15000
0.0,-0.00045,-0.00090,-0.00180,-0.00270,-0.00364,-0.00460
0.0,-0.00166,-0.00332,-0.00664,-0.00996,-0.01340,-0.01660
1.300,20.000
0.0,-0.01480,-0.02960,-0.05920,-0.08880,-0.11840,-0.14800
0.0,-0.00101,-0.00210,-0.00705,-0.01200,-0.01616,-0.01980
0.0,-0.00140,-0.00290,-0.00560,-0.00840,-0.01120,-0.01400
1.300,25.000
0.0,-0.01400,-0.02800,-0.05600,-0.08400,-0.11200,-0.14000
0.0,-0.00117,-0.00330,-0.01230,-0.02130,-0.02869,-0.03500
0.0,-0.00144,-0.00228,-0.00456,-0.00684,-0.00900,-0.01140
1.500,-10.000
0.0,-0.02280,-0.04560,-0.09120,-0.13680,-0.18240,-0.22800
0.0,0.00254,0.00516,0.01073,0.01638,0.02216,0.02780
0.0,-0.00095,-0.00192,-0.00392,-0.00596,-0.00802,-0.01010
1.500,-5.000
0.0,-0.01981,-0.03961,-0.07921,-0.11883,-0.15844,-0.19807
0.0,0.00169,0.00347,0.00743,0.01143,0.01548,0.01937
0.0,-0.00110,-0.00221,-0.00445,-0.00651,-0.00897,-0.01123
1.500,0.0
0.0,-0.01724,-0.03448,-0.06896,-0.10684,-0.14412,-0.18140
0.0,0.00112,0.00224,0.00448,0.00734,0.01052,0.01360
0.0,-0.00131,-0.00262,-0.00524,-0.00786,-0.01044,-0.01300
1.500,5.000
0.0,-0.01585,-0.03170,-0.06340,-0.09554,-0.13072,-0.16590
0.0,0.00028,0.00068,0.00174,0.00344,0.00639,0.01040
0.0,-0.00131,-0.00262,-0.00502,-0.00938,-0.01254,-0.01580
1.500,10.000
0.0,-0.01505,-0.03010,-0.06020,-0.09618,-0.12924,-0.16130
0.0,0.00006,0.00016,0.00041,0.00088,0.00210,0.00390
0.0,-0.00150,-0.00300,-0.00600,-0.00900,-0.01189,-0.01470
1.500,15.000
0.0,-0.01493,-0.02986,-0.05972,-0.09212,-0.12716,-0.15920
0.0,-0.00059,-0.00128,-0.00286,-0.00494,-0.00797,-0.01180
0.0,-0.00134,-0.00268,-0.00541,-0.00814,-0.01079,-0.01340
1.500,20.000
0.0,-0.01293,-0.02586,-0.05172,-0.07758,-0.10344,-0.12930
0.0,-0.00190,-0.00428,-0.00961,-0.01394,-0.01944,-0.02340
0.0,-0.00125,-0.00270,-0.00550,-0.00820,-0.01090,-0.01380
1.500,25.000
0.0,-0.00993,-0.01986,-0.03972,-0.05958,-0.07944,-0.09930
0.0,-0.00351,-0.00728,-0.01636,-0.02494,-0.03092,-0.03500
0.0,-0.00149,-0.00290,-0.00535,-0.00780,-0.01040,-0.01310
2.000,-10.000
0.0,-0.03027,-0.06054,-0.12108,-0.18162,-0.24216,-0.30270
0.0,0.00225,0.00474,0.00928,0.01402,0.01855,0.02320
0.0,-0.00123,-0.00240,-0.00445,-0.00650,-0.00866,-0.01090
2.000,-5.000
0.0,-0.02298,-0.04596,-0.09192,-0.13788,-0.18384,-0.22980
0.0,0.00167,0.00335,0.00688,0.01026,0.01383,0.01747
0.0,-0.00099,-0.00207,-0.00462,-0.00717,-0.00957,-0.01187
2.000,0.0
0.0,-0.01698,-0.03396,-0.06792,-0.10188,-0.14186,-0.18080
0.0,0.00097,0.00194,0.00400,0.00622,0.00870,0.01140
0.0,-0.00100,-0.00200,-0.00460,-0.00720,-0.00961,-0.01190
2.000,5.000
0.0,-0.01548,-0.03096,-0.06192,-0.09288,-0.12984,-0.16380
0.0,0.00007,0.00024,0.00096,0.00196,0.00334,0.00510
0.0,-0.00075,-0.00150,-0.00350,-0.00530,-0.00700,-0.00880
2.000,10.000
0.0,-0.01465,-0.02930,-0.05860,-0.08855,-0.12045,-0.15245
0.0,-0.00043,-0.00086,-0.00172,-0.00260,-0.00340,-0.00430
0.0,-0.00100,-0.00200,-0.00400,-0.00600,-0.00860,-0.01180
2.000,15.000
0.0,-0.01371,-0.02742,-0.05484,-0.08226,-0.11608,-0.15110
0.0,-0.00133,-0.00266,-0.00532,-0.00900,-0.01000,-0.01070
0.0,-0.00128,-0.00256,-0.00498,-0.00761,-0.01108,-0.01515
2.000,20.000
0.0,-0.01186,-0.02372,-0.04744,-0.07116,-0.10228,-0.14060
0.0,-0.00249,-0.00498,-0.01020,-0.01334,-0.01380,-0.01350
0.0,-0.00127,-0.00254,-0.00519,-0.00830,-0.01255,-0.01770
2.000,25.000
0.0,-0.00900,-0.01664,-0.03771,-0.06382,-0.09499,-0.13120
0.0,-0.00409,-0.00778,-0.01414,-0.01957,-0.02083,-0.02100
0.0,-0.00116,-0.00243,-0.00521,-0.00869,-0.01362,-0.01975
2.000,30.000
0.0,-0.00500,-0.01095,-0.02814,-0.05234,-0.08356,-0.12190
0.0,-0.00559,-0.01054,-0.01871,-0.02398,-0.02747,-0.02880
0.0,-0.00107,-0.00230,-0.00510,-0.00890,-0.01445,-0.02150
3.000,-10.000
0.0,-0.02430,-0.04860,-0.09723,-0.14591,-0.19464,-0.24340
0.0,0.00290,0.00570,0.01102,0.01580,0.01975,0.02300
0.0,-0.00038,-0.00080,-0.00185,-0.00290,-0.00395,-0.00500
3.000,-5.000
0.0,-0.02017,-0.04033,-0.08029,-0.11976,-0.15876,-0.19727
0.0,0.00173,0.00354,0.00762,0.01152,0.01392,0.01527
0.0,-0.00052,-0.00111,-0.00257,-0.00409,-0.00561,-0.00717
3.000,0.0
0.0,-0.01604,-0.03208,-0.06416,-0.09624,-0.12832,-0.16040
0.0,0.00075,0.00166,0.00520,0.00720,0.00860,0.00970
0.0,-0.00071,-0.00142,-0.00350,-0.00510,-0.00720,-0.00900
3.000,5.000
0.0,-0.01466,-0.02932,-0.05864,-0.09396,-0.12728,-0.16060
0.0,-0.00002,-0.00004,0.00170,0.00368,0.00496,0.00600
0.0,-0.00076,-0.00152,-0.00304,-0.00540,-0.00780,-0.01040
3.000,10.000
0.0,-0.01338,-0.02676,-0.05352,-0.08348,-0.11364,-0.14380
0.0,-0.00042,-0.00084,-0.00070,0.0,0.00040,0.00110
0.0,-0.00100,-0.00200,-0.00400,-0.00738,-0.01000,-0.01250
3.000,15.000
0.0,-0.01267,-0.02534,-0.05067,-0.08022,-0.10896,-0.13970
0.0,-0.00094,-0.00188,-0.00356,-0.00374,-0.00382,-0.00390
0.0,-0.00141,-0.00282,-0.00564,-0.00880,-0.01210,-0.01510
3.000,20.000
0.0,-0.01125,-0.02250,-0.04500,-0.07390,-0.10520,-0.13550
0.0,-0.00177,-0.00354,-0.00558,-0.00672,-0.00776,-0.00870
0.0,-0.00142,-0.00284,-0.00660,-0.01060,-0.01430,-0.01780
3.000,25.000
0.0,-0.01000,-0.02000,-0.04189,-0.06631,-0.09324,-0.12270
0.0,-0.00309,-0.00618,-0.00948,-0.01142,-0.01296,-0.01450
0.0,-0.00114,-0.00228,-0.00629,-0.01054,-0.01498,-0.01970
3.000,30.000
0.0,-0.00900,-0.01800,-0.03742,-0.05872,-0.08192,-0.10700
0.0,-0.00309,-0.00594,-0.01075,-0.01482,-0.01840,-0.02140
0.0,-0.00120,-0.00270,-0.00698,-0.01160,-0.01635,-0.02130
3.000,35.000
0.0,-0.01000,-0.02000,-0.04000,-0.06000,-0.08000,-0.10000
0.0,-0.00265,-0.00521,-0.00955,-0.01439,-0.01871,-0.02307
0.0,-0.00187,-0.00392,-0.00893,-0.01403,-0.01874,-0.02323
3.000,40.000
0.0,-0.01030,-0.02060,-0.04120,-0.06180,-0.08240,-0.10300
0.0,-0.00153,-0.00324,-0.00746,-0.01182,-0.01622,-0.02070
0.0,-0.00310,-0.00616,-0.01219,-0.01788,-0.02224,-0.02560
3.000,45.000
0.0,-0.01030,-0.02060,-0.04120,-0.06180,-0.08240,-0.10300
0.0,-0.00075,-0.00189,-0.00582,-0.01032,-0.01513,-0.02035
0.0,-0.00407,-0.00791,-0.01483,-0.02108,-0.02526,-0.02785
4.000,-10.000
0.0,-0.02170,-0.04364,-0.08736,-0.13086,-0.17414,-0.21720
0.0,0.00199,0.00400,0.00805,0.01213,0.01625,0.02040
0.0,-0.00005,-0.00010,-0.00018,-0.00024,-0.00029,-0.00030
4.000,-5.000
0.0,-0.01783,-0.03829,-0.07288,-0.10905,-0.14477,-0.18007
0.0,0.00124,0.00246,0.00485,0.00719,0.00946,0.01167
0.0,-0.00026,-0.00053,-0.00109,-0.00169,-0.00231,-0.00297
4.000,0.0
0.0,-0.01520,-0.03065,-0.06180,-0.09327,-0.12507,-0.15720
0.0,0.00066,0.00132,0.00294,0.00436,0.00548,0.00650
0.0,-0.00051,-0.00102,-0.00206,-0.00318,-0.00436,-0.00560
4.000,5.000
0.0,-0.01380,-0.02672,-0.05410,-0.08354,-0.11504,-0.14860
0.0,0.00006,0.00012,0.00134,0.00246,0.00268,0.00300
0.0,-0.00076,-0.00152,-0.00314,-0.00476,-0.00668,-0.00840
4.000,10.000
0.0,-0.01220,-0.02440,-0.04880,-0.07640,-0.10480,-0.13200
0.0,-0.00050,-0.00100,-0.00060,-0.00020,-0.00100,-0.00200
0.0,-0.00097,-0.00194,-0.00438,-0.00692,-0.00885,-0.01060
4.000,15.000
0.0,-0.01130,-0.02260,-0.04660,-0.07240,-0.09720,-0.12400
0.0,-0.00083,-0.00166,-0.00208,-0.00282,-0.00516,-0.00610
0.0,-0.00134,-0.00268,-0.00556,-0.00875,-0.01132,-0.01360
4.000,20.000
0.0,-0.01010,-0.02020,-0.04260,-0.06740,-0.09420,-0.11900
0.0,-0.00144,-0.00288,-0.00416,-0.00574,-0.00732,-0.00910
0.0,-0.00155,-0.00310,-0.00630,-0.00990,-0.01360,-0.01720
4.000,25.000
0.0,-0.00870,-0.01740,-0.03900,-0.06200,-0.08600,-0.11000
0.0,-0.00195,-0.00390,-0.00550,-0.00710,-0.00840,-0.01010
0.0,-0.00168,-0.00336,-0.00672,-0.01068,-0.01462,-0.01870
4.000,30.000
0.0,-0.00898,-0.01796,-0.03681,-0.05685,-0.07808,-0.10050
0.0,-0.00236,-0.00472,-0.00764,-0.01040,-0.01300,-0.01480
0.0,-0.00187,-0.00374,-0.00748,-0.01197,-0.01608,-0.02025
4.000,35.000
0.0,-0.00898,-0.01796,-0.03656,-0.05602,-0.07633,-0.09750
0.0,-0.00206,-0.00412,-0.00691,-0.01028,-0.01359,-0.01683
0.0,-0.00227,-0.00454,-0.00906,-0.01356,-0.01804,-0.02250
4.000,40.000
0.0,-0.00898,-0.01796,-0.03606,-0.05435,-0.07283,-0.09150
0.0,-0.00170,-0.00340,-0.00696,-0.01073,-0.01471,-0.01890
0.0,-0.00256,-0.00512,-0.01013,-0.01500,-0.01972,-0.02430
4.000,45.000
0.0,-0.00899,-0.01798,-0.03543,-0.05216,-0.06819,-0.08350
0.0,-0.00161,-0.00322,-0.00685,-0.01103,-0.01577,-0.02105
0.0,-0.00285,-0.00570,-0.01122,-0.01649,-0.02153,-0.02632
5.000,-10.000
0.0,-0.02060,-0.04182,-0.08380,-0.12518,-0.16594,-0.20610
0.0,0.00190,0.00380,0.00762,0.01146,0.01532,0.01920
0.0,0.00015,0.00030,0.00060,0.00090,0.00120,0.00150
5.000,-5.000
0.0,-0.01650,-0.03239,-0.06487,-0.09829,-0.13264,-0.16793
0.0,0.00123,0.00245,0.00484,0.00717,0.00943,0.01163
0.0,0.0,-0.00003,-0.00022,-0.00059,-0.00114,-0.00187
5.000,0.0
0.0,-0.01400,-0.02582,-0.05369,-0.08219,-0.11233,-0.14410
0.0,0.00062,0.00125,0.00257,0.00391,0.00529,0.00670
0.0,-0.00031,-0.00066,-0.00149,-0.00249,-0.00366,-0.00500
5.000,5.000
0.0,-0.01257,-0.02514,-0.05028,-0.07543,-0.10057,-0.12570
0.0,0.00005,0.00023,0.00082,0.00171,0.00290,0.00440
0.0,-0.00079,-0.00160,-0.00321,-0.00479,-0.00635,-0.00790
5.000,10.000
0.0,-0.01045,-0.02090,-0.04460,-0.06590,-0.08920,-0.11150
0.0,-0.00065,-0.00130,-0.00180,-0.00300,-0.00450,-0.00620
0.0,-0.00093,-0.00186,-0.00375,-0.00560,-0.00750,-0.00950
5.000,15.000
0.0,-0.00972,-0.01944,-0.03888,-0.06270,-0.08600,-0.10920
0.0,-0.00090,-0.00180,-0.00250,-0.00390,-0.00590,-0.00770
0.0,-0.00115,-0.00230,-0.00480,-0.00730,-0.00940,-0.01140
5.000,20.000
0.0,-0.00877,-0.01754,-0.03710,-0.05760,-0.07820,-0.09770
0.0,-0.00135,-0.00270,-0.00468,-0.00662,-0.00906,-0.01140
0.0,-0.00150,-0.00300,-0.00640,-0.00960,-0.01250,-0.01520
5.000,25.000
0.0,-0.00812,-0.01624,-0.03416,-0.05430,-0.07668,-0.10130
0.0,-0.00165,-0.00330,-0.00572,-0.00830,-0.01062,-0.01300
0.0,-0.00164,-0.00328,-0.00670,-0.01031,-0.01411,-0.01820
5.000,30.000
0.0,-0.00803,-0.01606,-0.03368,-0.05337,-0.07515,-0.09900
0.0,-0.00180,-0.00360,-0.00580,-0.00891,-0.01218,-0.01560
0.0,-0.00193,-0.00386,-0.00788,-0.01211,-0.01655,-0.02120
5.000,35.000
0.0,-0.00803,-0.01606,-0.03318,-0.05171,-0.07165,-0.09300
0.0,-0.00155,-0.00310,-0.00613,-0.00965,-0.01351,-0.01770
0.0,-0.00223,-0.00446,-0.00903,-0.01375,-0.01863,-0.02365
5.000,40.000
0.0,-0.00804,-0.01608,-0.03263,-0.04980,-0.06759,-0.08600
0.0,-0.00148,-0.00296,-0.00632,-0.01021,-0.01464,-0.01960
0.0,-0.00252,-0.00504,-0.01008,-0.01512,-0.02016,-0.02520
5.000,45.000
0.0,-0.00805,-0.01610,-0.03249,-0.04927,-0.06644,-0.08400
0.0,-0.00146,-0.00292,-0.00642,-0.01070,-0.01576,-0.02160
0.0,-0.00281,-0.00562,-0.01102,-0.01614,-0.02096,-0.02550
5.000,50.000
0.0,-0.00806,-0.01612,-0.03236,-0.04875,-0.06530,-0.08200
0.0,-0.00143,-0.00286,-0.00649,-0.01116,-0.01686,-0.02360
0.0,-0.00310,-0.00620,-0.01197,-0.01716,-0.02177,-0.02590
8.000,-10.000
0.0,-0.01400,-0.02800,-0.05567,-0.08289,-0.10967,-0.13600
0.0,-0.00005,-0.00010,-0.00019,-0.00027,-0.00034,-0.00040
0.0,0.00015,0.00030,0.00060,0.00090,0.00120,0.00150
8.000,-5.000
0.0,-0.01202,-0.02405,-0.04799,-0.07178,-0.09542,-0.11890
0.0,-0.00004,-0.00010,-0.00026,-0.00048,-0.00075,-0.00108
0.0,-0.00011,-0.00019,-0.00031,-0.00036,-0.00036,-0.00030
8.000,0.0
0.0,-0.01089,-0.02178,-0.04356,-0.06534,-0.08712,-0.10890
0.0,-0.00009,-0.00020,-0.00045,-0.00076,-0.00110,-0.00150
0.0,-0.00033,-0.00064,-0.00122,-0.00174,-0.00220,-0.00260
8.000,5.000
0.0,-0.01060,-0.02120,-0.04240,-0.06360,-0.08480,-0.10600
0.0,-0.00021,-0.00041,-0.00078,-0.00111,-0.00140,-0.00165
0.0,-0.00051,-0.00104,-0.00211,-0.00319,-0.00429,-0.00540
8.000,10.000
0.0,-0.00981,-0.01962,-0.03924,-0.05886,-0.07848,-0.09810
0.0,-0.00036,-0.00072,-0.00142,-0.00210,-0.00276,-0.00340
0.0,-0.00088,-0.00176,-0.00353,-0.00531,-0.00710,-0.00890
8.000,15.000
0.0,-0.00840,-0.01689,-0.03380,-0.05062,-0.06736,-0.08400
0.0,-0.00111,-0.00222,-0.00446,-0.00672,-0.00900,-0.01130
0.0,-0.00100,-0.00203,-0.00413,-0.00628,-0.00849,-0.01075
8.000,20.000
0.0,-0.00750,-0.01500,-0.03000,-0.04500,-0.06080,-0.07500
0.0,-0.00132,-0.00264,-0.00494,-0.00690,-0.00890,-0.01070
0.0,-0.00121,-0.00242,-0.00484,-0.00726,-0.00968,-0.01210
8.000,25.000
0.0,-0.00680,-0.01360,-0.02720,-0.04080,-0.05440,-0.06800
0.0,-0.00158,-0.00316,-0.00560,-0.00800,-0.01040,-0.01300
0.0,-0.00133,-0.00266,-0.00532,-0.00796,-0.01064,-0.01330
8.000,30.000
0.0,-0.00665,-0.01330,-0.02660,-0.03990,-0.05320,-0.06650
0.0,-0.00145,-0.00290,-0.00580,-0.00870,-0.01160,-0.01450
0.0,-0.00175,-0.00350,-0.00700,-0.01050,-0.01400,-0.01750
8.000,35.000
0.0,-0.00690,-0.01380,-0.02760,-0.04140,-0.05520,-0.06900
0.0,-0.00150,-0.00300,-0.00600,-0.00900,-0.01200,-0.01500
0.0,-0.00210,-0.00420,-0.00840,-0.01260,-0.01680,-0.02100
8.000,40.000
0.0,-0.00680,-0.01360,-0.02720,-0.04080,-0.05440,-0.06800
0.0,-0.00165,-0.00330,-0.00660,-0.00990,-0.01320,-0.01650
0.0,-0.00225,-0.00450,-0.00900,-0.01350,-0.01800,-0.02250
8.000,45.000
0.0,-0.00650,-0.01300,-0.02600,-0.03900,-0.05200,-0.06500
0.0,-0.00175,-0.00350,-0.00700,-0.01050,-0.01400,-0.01750
0.0,-0.00238,-0.00476,-0.00952,-0.01428,-0.01904,-0.02380
8.000,50.000
0.0,-0.00640,-0.01280,-0.02560,-0.03840,-0.05120,-0.06400
0.0,-0.00178,-0.00356,-0.00712,-0.01068,-0.01424,-0.01780
0.0,-0.00245,-0.00490,-0.00990,-0.01470,-0.01950,-0.02450
10.000,-10.000
0.0,-0.01400,-0.02800,-0.05567,-0.08289,-0.10967,-0.13600
0.0,-0.00005,-0.00010,-0.00019,-0.00027,-0.00034,-0.00040
0.0,0.00015,0.00030,0.00060,0.00090,0.00120,0.00150
10.000,-5.000
0.0,-0.01202,-0.02407,-0.04805,-0.07187,-0.09553,-0.11903
0.0,-0.00004,-0.00010,-0.00026,-0.00048,-0.00075,-0.00108
0.0,-0.00011,-0.00019,-0.00031,-0.00039,-0.00042,-0.00040
10.000,0.0
0.0,-0.01089,-0.02182,-0.04367,-0.06550,-0.08731,-0.10910
0.0,-0.00009,-0.00020,-0.00045,-0.00076,-0.00110,-0.00150
0.0,-0.00033,-0.00064,-0.00122,-0.00176,-0.00226,-0.00270
10.000,5.000
0.0,-0.01060,-0.02124,-0.04251,-0.06376,-0.08499,-0.10620
0.0,-0.00021,-0.00041,-0.00078,-0.00111,-0.00140,-0.00165
0.0,-0.00051,-0.00104,-0.00211,-0.00319,-0.00429,-0.00540
10.000,10.000
0.0,-0.00981,-0.02066,-0.04158,-0.06146,-0.08030,-0.09810
0.0,-0.00036,-0.00072,-0.00142,-0.00210,-0.00276,-0.00340
0.0,-0.00087,-0.00174,-0.00349,-0.00525,-0.00702,-0.00880
10.000,15.000
0.0,-0.00840,-0.01689,-0.03381,-0.05065,-0.06742,-0.08410
0.0,-0.00111,-0.00222,-0.00446,-0.00672,-0.00900,-0.01130
0.0,-0.00099,-0.00202,-0.00412,-0.00626,-0.00846,-0.01070
10.000,20.000
0.0,-0.00550,-0.01100,-0.02200,-0.03300,-0.04400,-0.05500
0.0,-0.00135,-0.00270,-0.00540,-0.00810,-0.01080,-0.01350
0.0,-0.00105,-0.00210,-0.00420,-0.00630,-0.00840,-0.01050
10.000,25.000
0.0,-0.00600,-0.01200,-0.02400,-0.03600,-0.04800,-0.06000
0.0,-0.00150,-0.00300,-0.00600,-0.00900,-0.01200,-0.01500
0.0,-0.00137,-0.00274,-0.00548,-0.00822,-0.01096,-0.01370
10.000,30.000
0.0,-0.00670,-0.01340,-0.02680,-0.04020,-0.05360,-0.06700
0.0,-0.00145,-0.00290,-0.00580,-0.00870,-0.01160,-0.01450
0.0,-0.00165,-0.00330,-0.00660,-0.00990,-0.01320,-0.01650
10.000,35.000
0.0,-0.00670,-0.01340,-0.02680,-0.04020,-0.05360,-0.06700
0.0,-0.00140,-0.00280,-0.00560,-0.00840,-0.01120,-0.01400
0.0,-0.00188,-0.00376,-0.00752,-0.01128,-0.01504,-0.01880
10.000,40.000
0.0,-0.00670,-0.01340,-0.02680,-0.04020,-0.05360,-0.06700
0.0,-0.00150,-0.00300,-0.00600,-0.00900,-0.01200,-0.01500
0.0,-0.00208,-0.00416,-0.00832,-0.01248,-0.01664,-0.02080
10.000,45.000
0.0,-0.00649,-0.01298,-0.02596,-0.03890,-0.05190,-0.06490
0.0,-0.00160,-0.00320,-0.00640,-0.00960,-0.01280,-0.01600
0.0,-0.00217,-0.00434,-0.00868,-0.01302,-0.01736,-0.02170
10.000,50.000
0.0,-0.00570,-0.01140,-0.02280,-0.03420,-0.04560,-0.05700
0.0,-0.00160,-0.00320,-0.00640,-0.00960,-0.01280,-0.01600
0.0,-0.00220,-0.00440,-0.00880,-0.01320,-0.01760,-0.02200
15.000,-10.000
0.0,-0.01400,-0.02800,-0.05567,-0.08289,-0.10967,-0.13600
0.0,-0.00005,-0.00010,-0.00019,-0.00027,-0.00034,-0.00040
0.0,0.00015,0.00030,0.00060,0.00090,0.00120,0.00150
15.000,-5.000
0.0,-0.01202,-0.02407,-0.04805,-0.07187,-0.09553,-0.11903
0.0,-0.00004,-0.00010,-0.00026,-0.00048,-0.00075,-0.00108
0.0,-0.00011,-0.00019,-0.00031,-0.00039,-0.00042,-0.00040
15.000,0.0
0.0,-0.01089,-0.02182,-0.04367,-0.06550,-0.08731,-0.10910
0.0,-0.00009,-0.00020,-0.00045,-0.00076,-0.00110,-0.00150
0.0,-0.00033,-0.00064,-0.00122,-0.00176,-0.00226,-0.00270
15.000,5.000
0.0,-0.01060,-0.02124,-0.04251,-0.06376,-0.08499,-0.10620
0.0,-0.00021,-0.00041,-0.00078,-0.00111,-0.00140,-0.00165
0.0,-0.00051,-0.00104,-0.00211,-0.00319,-0.00429,-0.00540
15.000,10.000
0.0,-0.00981,-0.02066,-0.04158,-0.06146,-0.08030,-0.09810
0.0,-0.00036,-0.00072,-0.00142,-0.00210,-0.00276,-0.00340
0.0,-0.00087,-0.00174,-0.00349,-0.00525,-0.00702,-0.00880
15.000,15.000
0.0,-0.00840,-0.01689,-0.03381,-0.05065,-0.06742,-0.08410
0.0,-0.00111,-0.00222,-0.00446,-0.00672,-0.00900,-0.01130
0.0,-0.00099,-0.00202,-0.00412,-0.00626,-0.00846,-0.01070
15.000,20.000
0.0,-0.00550,-0.01100,-0.02200,-0.03300,-0.04400,-0.05500
0.0,-0.00135,-0.00270,-0.00540,-0.00810,-0.01080,-0.01350
0.0,-0.00105,-0.00210,-0.00420,-0.00630,-0.00840,-0.01050
15.000,25.000
0.0,-0.00600,-0.01200,-0.02400,-0.03600,-0.04800,-0.06000
0.0,-0.00150,-0.00300,-0.00600,-0.00900,-0.01200,-0.01500
0.0,-0.00137,-0.00274,-0.00548,-0.00822,-0.01096,-0.01370
15.000,30.000
0.0,-0.00670,-0.01340,-0.02680,-0.04020,-0.05360,-0.06700
0.0,-0.00145,-0.00290,-0.00580,-0.00870,-0.01160,-0.01450
0.0,-0.00165,-0.00330,-0.00660,-0.00990,-0.01320,-0.01650
15.000,35.000
0.0,-0.00670,-0.01340,-0.02680,-0.04020,-0.05360,-0.06700
0.0,-0.00140,-0.00280,-0.00560,-0.00840,-0.01120,-0.01400
0.0,-0.00188,-0.00376,-0.00752,-0.01128,-0.01504,-0.01880
15.000,40.000
0.0,-0.00670,-0.01340,-0.02680,-0.04020,-0.05360,-0.06700
0.0,-0.00150,-0.00300,-0.00600,-0.00900,-0.01200,-0.01500
0.0,-0.00208,-0.00416,-0.00832,-0.01248,-0.01664,-0.02080
15.000,45.000
0.0,-0.00649,-0.01298,-0.02596,-0.03890,-0.05190,-0.06490
0.0,-0.00160,-0.00320,-0.00640,-0.00960,-0.01280,-0.01600
0.0,-0.00217,-0.00434,-0.00868,-0.01302,-0.01736,-0.02170
15.000,50.000
0.0,-0.00570,-0.01140,-0.02280,-0.03420,-0.04560,-0.05700
0.0,-0.00160,-0.00320,-0.00640,-0.00960,-0.01280,-0.01600
0.0,-0.00220,-0.00440,-0.00880,-0.01320,-0.01760,-0.02200
20.000,-10.000
0.0,-0.01400,-0.02800,-0.05567,-0.08289,-0.10967,-0.13600
0.0,-0.00005,-0.00010,-0.00019,-0.00027,-0.00034,-0.00040
0.0,0.00015,0.00030,0.00060,0.00090,0.00120,0.00150
20.000,-5.000
0.0,-0.01202,-0.02407,-0.04805,-0.07187,-0.09553,-0.11903
0.0,-0.00004,-0.00010,-0.00026,-0.00048,-0.00075,-0.00108
0.0,-0.00011,-0.00019,-0.00031,-0.00039,-0.00042,-0.00040
20.000,0.0
0.0,-0.01089,-0.02182,-0.04367,-0.06550,-0.08731,-0.10910
0.0,-0.00009,-0.00020,-0.00045,-0.00076,-0.00110,-0.00150
0.0,-0.00033,-0.00064,-0.00122,-0.00176,-0.00226,-0.00270
20.000,5.000
0.0,-0.01060,-0.02124,-0.04251,-0.06376,-0.08499,-0.10620
0.0,-0.00021,-0.00041,-0.00078,-0.00111,-0.00140,-0.00165
0.0,-0.00051,-0.00104,-0.00211,-0.00319,-0.00429,-0.00540
20.000,10.000
0.0,-0.00981,-0.02066,-0.04158,-0.06146,-0.08030,-0.09810
0.0,-0.00036,-0.00072,-0.00142,-0.00210,-0.00276,-0.00340
0.0,-0.00087,-0.00174,-0.00349,-0.00525,-0.00702,-0.00880
20.000,15.000
0.0,-0.00840,-0.01689,-0.03381,-0.05065,-0.06742,-0.08410
0.0,-0.00111,-0.00222,-0.00446,-0.00672,-0.00900,-0.01130
0.0,-0.00099,-0.00202,-0.00412,-0.00626,-0.00846,-0.01070
20.000,20.000
0.0,-0.00550,-0.01100,-0.02200,-0.03300,-0.04400,-0.05500
0.0,-0.00135,-0.00270,-0.00540,-0.00810,-0.01080,-0.01350
0.0,-0.00105,-0.00210,-0.00420,-0.00630,-0.00840,-0.01050
20.000,25.000
0.0,-0.00600,-0.01200,-0.02400,-0.03600,-0.04800,-0.06000
0.0,-0.00150,-0.00300,-0.00600,-0.00900,-0.01200,-0.01500
0.0,-0.00137,-0.00274,-0.00548,-0.00822,-0.01096,-0.01370
20.000,30.000
0.0,-0.00670,-0.01340,-0.02680,-0.04020,-0.05360,-0.06700
0.0,-0.00145,-0.00290,-0.00580,-0.00870,-0.01160,-0.01450
0.0,-0.00165,-0.00330,-0.00660,-0.00990,-0.01320,-0.01650
20.000,35.000
0.0,-0.00670,-0.01340,-0.02680,-0.04020,-0.05360,-0.06700
0.0,-0.00140,-0.00280,-0.00560,-0.00840,-0.01120,-0.01400
0.0,-0.00188,-0.00376,-0.00752,-0.01128,-0.01504,-0.01880
20.000,40.000
0.0,-0.00670,-0.01340,-0.02680,-0.04020,-0.05360,-0.06700
0.0,-0.00150,-0.00300,-0.00600,-0.00900,-0.01200,-0.01500
0.0,-0.00208,-0.00416,-0.00832,-0.01248,-0.01664,-0.02080
20.000,45.000
0.0,-0.00649,-0.01298,-0.02596,-0.03890,-0.05190,-0.06490
0.0,-0.00160,-0.00320,-0.00640,-0.00960,-0.01280,-0.01600
0.0,-0.00217,-0.00434,-0.00868,-0.01302,-0.01736,-0.02170
20.000,50.000
0.0,-0.00570,-0.01140,-0.02280,-0.03420,-0.04560,-0.05700
0.0,-0.00160,-0.00320,-0.00640,-0.00960,-0.01280,-0.01600
0.0,-0.00220,-0.00440,-0.00880,-0.01320,-0.01760,-0.02200